L,method,comparator,difference,lower,upper,level,model_key,representation
0.0,isotonic_direct,original,0.0,0.0,0.0,0.95,gemini35flash,raw
0.0,isotonic_direct,penalty_prompt,0.015349052242256127,0.0034669440591770695,0.027379796578825697,0.95,gemini35flash,raw
0.0,isotonic_direct,always_abstain,0.555709662505779,0.5344429033749422,0.5765256588072122,0.95,gemini35flash,raw
0.0,beta,original,0.0,0.0,0.0,0.95,gemini35flash,raw
0.0,beta,penalty_prompt,0.015349052242256127,0.0034669440591770695,0.027379796578825697,0.95,gemini35flash,raw
0.0,beta,always_abstain,0.555709662505779,0.5344429033749422,0.5765256588072122,0.95,gemini35flash,raw
3.0,isotonic_direct,original,0.13869625520110956,0.07304669440591771,0.20573277854831254,0.9916666666666667,gemini35flash,raw
3.0,isotonic_direct,penalty_prompt,0.5417105871474802,0.4741858529819694,0.6104227924179381,0.95,gemini35flash,raw
3.0,isotonic_direct,always_abstain,0.05779010633379565,0.03235090152565882,0.08136846971798428,0.95,gemini35flash,raw
3.0,beta,original,0.14285714285714285,0.09385113268608414,0.19464863615349046,0.95,gemini35flash,raw
3.0,beta,penalty_prompt,0.5458714748035136,0.4805596393897365,0.613777161349977,0.95,gemini35flash,raw
3.0,beta,always_abstain,0.061950993989828944,0.03467406380027739,0.08692787794729535,0.95,gemini35flash,raw
6.0,isotonic_direct,original,0.02311604253351826,-0.03513638465094776,0.0864597780859917,0.9916666666666667,gemini35flash,raw
6.0,isotonic_direct,penalty_prompt,1.324382801664355,1.203720064724919,1.4445425335182616,0.95,gemini35flash,raw
6.0,isotonic_direct,always_abstain,0.0004623208506703652,-0.006472491909385114,0.005085529357374018,0.95,gemini35flash,raw
6.0,beta,original,0.022653721682847898,-0.02127831715210354,0.06888580674988443,0.95,gemini35flash,raw
6.0,beta,penalty_prompt,1.3239204808136846,1.2046477115117893,1.443448913546001,0.95,gemini35flash,raw
6.0,beta,always_abstain,0.0,0.0,0.0,0.95,gemini35flash,raw
0.0,isotonic_direct,original,0.0,0.0,0.0,0.95,gemini35flash,processed
0.0,isotonic_direct,penalty_prompt,0.015811373092926493,0.0039112343966712934,0.027751040221914,0.95,gemini35flash,processed
0.0,isotonic_direct,always_abstain,0.5561719833564494,0.5344429033749422,0.5769764216366158,0.95,gemini35flash,processed
0.0,beta,original,0.0,0.0,0.0,0.95,gemini35flash,processed
0.0,beta,penalty_prompt,0.015811373092926493,0.0039112343966712934,0.027751040221914,0.95,gemini35flash,processed
0.0,beta,always_abstain,0.5561719833564494,0.5344429033749422,0.5769764216366158,0.95,gemini35flash,processed
3.0,isotonic_direct,original,0.1516412390198798,0.08737864077669903,0.2174487594390507,0.9916666666666667,gemini35flash,processed
3.0,isotonic_direct,penalty_prompt,0.5828571428571427,0.5177961165048545,0.6494244105409153,0.95,gemini35flash,processed
3.0,isotonic_direct,always_abstain,0.09893666204345816,0.07027276930189552,0.12530050855293567,0.95,gemini35flash,processed
3.0,beta,original,0.1516412390198798,0.10355987055016182,0.20297041146555705,0.95,gemini35flash,processed
3.0,beta,penalty_prompt,0.5828571428571427,0.5177961165048545,0.6494244105409153,0.95,gemini35flash,processed
3.0,beta,always_abstain,0.09893666204345816,0.07027276930189552,0.12530050855293567,0.95,gemini35flash,processed
6.0,isotonic_direct,original,-0.00878409616273694,-0.06534519956850057,0.05548428109107723,0.9916666666666667,gemini35flash,processed
6.0,isotonic_direct,penalty_prompt,1.328081368469718,1.20791377716135,1.4473370319001386,0.95,gemini35flash,processed
6.0,isotonic_direct,always_abstain,0.004160887656033287,-0.003236245954692557,0.009246417013407305,0.95,gemini35flash,processed
6.0,beta,original,-0.01155802126675913,-0.05640314378178456,0.03559870550161812,0.95,gemini35flash,processed
6.0,beta,penalty_prompt,1.3253074433656957,1.204687008784096,1.4450023116042534,0.95,gemini35flash,processed
6.0,beta,always_abstain,0.0013869625520110957,-0.005547850208044383,0.006010171058714748,0.95,gemini35flash,processed
0.0,isotonic_direct,original,0.0,0.0,0.0,0.95,sonnet46,raw
0.0,isotonic_direct,penalty_prompt,0.03385113268608414,0.019360610263522895,0.04835298196948679,0.95,sonnet46,raw
0.0,isotonic_direct,always_abstain,0.3296347665279704,0.3092926490984743,0.3509015256588072,0.95,sonnet46,raw
0.0,beta,original,0.0,0.0,0.0,0.95,sonnet46,raw
0.0,beta,penalty_prompt,0.03385113268608414,0.019360610263522895,0.04835298196948679,0.95,sonnet46,raw
0.0,beta,always_abstain,0.3296347665279704,0.3092926490984743,0.3509015256588072,0.95,sonnet46,raw
3.0,isotonic_direct,original,0.022191400832177532,-0.016181229773462782,0.05671328401910927,0.9916666666666667,sonnet46,raw
3.0,isotonic_direct,penalty_prompt,0.8269348127600555,0.7634639389736475,0.8940268146093387,0.95,sonnet46,raw
3.0,isotonic_direct,always_abstain,0.01155802126675913,-0.002311604253351826,0.024040684234858993,0.95,sonnet46,raw
3.0,beta,original,0.021729079981507166,0.001837725381414722,0.0425335182616736,0.95,sonnet46,raw
3.0,beta,penalty_prompt,0.8264724919093851,0.7647087378640777,0.8886828478964399,0.95,sonnet46,raw
3.0,beta,always_abstain,0.011095700416088766,-0.0106333795654184,0.032362459546925564,0.95,sonnet46,raw
6.0,isotonic_direct,original,-0.004160887656033287,-0.018030513176144243,0.013869625520110958,0.9916666666666667,sonnet46,raw
6.0,isotonic_direct,penalty_prompt,1.3406010171058715,1.228131761442441,1.4495460009246417,0.95,sonnet46,raw
6.0,isotonic_direct,always_abstain,-0.013407304669440592,-0.033287101248266296,0.004160887656033287,0.95,sonnet46,raw
6.0,beta,original,0.014331946370781322,-0.006934812760055479,0.03744798890429958,0.95,sonnet46,raw
6.0,beta,penalty_prompt,1.3590938511326862,1.2485302820157191,1.4667690707350902,0.95,sonnet46,raw
6.0,beta,always_abstain,0.005085529357374018,0.002311604253351826,0.008321775312066574,0.95,sonnet46,raw
0.0,isotonic_direct,original,0.0,0.0,0.0,0.95,sonnet46,processed
0.0,isotonic_direct,penalty_prompt,0.035238095238095235,0.020785020804438285,0.049694868238557545,0.95,sonnet46,processed
0.0,isotonic_direct,always_abstain,0.3310217290799815,0.31113037447988906,0.3522884882108183,0.95,sonnet46,processed
0.0,beta,original,0.0,0.0,0.0,0.95,sonnet46,processed
0.0,beta,penalty_prompt,0.035238095238095235,0.020785020804438285,0.049694868238557545,0.95,sonnet46,processed
0.0,beta,always_abstain,0.3310217290799815,0.31113037447988906,0.3522884882108183,0.95,sonnet46,processed
3.0,isotonic_direct,original,0.026814609338881183,0.003388426568038205,0.05224225612575127,0.9916666666666667,sonnet46,processed
3.0,isotonic_direct,penalty_prompt,0.8343319463707812,0.7730080906148867,0.8973744798890431,0.95,sonnet46,processed
3.0,isotonic_direct,always_abstain,0.018955154877484975,-0.006010171058714748,0.0425335182616736,0.95,sonnet46,processed
3.0,beta,original,0.024503005085529356,0.004623208506703652,0.045307443365695796,0.95,sonnet46,processed
3.0,beta,penalty_prompt,0.8320203421174295,0.7702623670827554,0.8951555709662504,0.95,sonnet46,processed
3.0,beta,always_abstain,0.016643550624133148,-0.005547850208044383,0.03791030975496995,0.95,sonnet46,processed
6.0,isotonic_direct,original,-0.0027739251040221915,-0.016181229773462782,0.015566728309446764,0.9916666666666667,sonnet46,processed
6.0,isotonic_direct,penalty_prompt,1.3466111881645864,1.2354170134073048,1.4552720758206197,0.95,sonnet46,processed
6.0,isotonic_direct,always_abstain,-0.007397133610725843,-0.027739251040221916,0.0106333795654184,0.95,sonnet46,processed
6.0,beta,original,0.006010171058714748,-0.0106333795654184,0.02590152565880715,0.95,sonnet46,processed
6.0,beta,penalty_prompt,1.3553952843273234,1.2430871474803515,1.4639530744336569,0.95,sonnet46,processed
6.0,beta,always_abstain,0.0013869625520110957,-0.012944983818770227,0.013407304669440592,0.95,sonnet46,processed
0.0,isotonic_direct,original,0.0,0.0,0.0,0.95,deepseekv32maas,raw
0.0,isotonic_direct,penalty_prompt,0.02511326860841424,0.014902681460933893,0.03563684697179843,0.95,deepseekv32maas,raw
0.0,isotonic_direct,always_abstain,0.19694868238557559,0.17891816920943135,0.21406611188164582,0.95,deepseekv32maas,raw
0.0,beta,original,0.0,0.0,0.0,0.95,deepseekv32maas,raw
0.0,beta,penalty_prompt,0.02511326860841424,0.014902681460933893,0.03563684697179843,0.95,deepseekv32maas,raw
0.0,beta,always_abstain,0.19694868238557559,0.17891816920943135,0.21406611188164582,0.95,deepseekv32maas,raw
3.0,isotonic_direct,original,0.410078594544614,0.34380297426413925,0.4755759747264602,0.9916666666666667,deepseekv32maas,raw
3.0,isotonic_direct,penalty_prompt,0.585335182616736,0.5502249190938512,0.6167519648636154,0.95,deepseekv32maas,raw
3.0,isotonic_direct,always_abstain,0.0,0.0,0.0,0.95,deepseekv32maas,raw
3.0,beta,original,0.410078594544614,0.3596856218215442,0.4595584835876097,0.95,deepseekv32maas,raw
3.0,beta,penalty_prompt,0.585335182616736,0.5502249190938512,0.6167519648636154,0.95,deepseekv32maas,raw
3.0,beta,always_abstain,0.0,0.0,0.0,0.95,deepseekv32maas,raw
6.0,isotonic_direct,original,0.05501618122977346,0.022958082909539195,0.09123516720604101,0.9916666666666667,deepseekv32maas,raw
6.0,isotonic_direct,penalty_prompt,1.2105409153952844,1.1481074895977812,1.2728023578363388,0.95,deepseekv32maas,raw
6.0,isotonic_direct,always_abstain,0.0,0.0,0.0,0.95,deepseekv32maas,raw
6.0,beta,original,0.05501618122977346,0.030513176144244106,0.08090614886731391,0.95,deepseekv32maas,raw
6.0,beta,penalty_prompt,1.2105409153952844,1.1481074895977812,1.2728023578363388,0.95,deepseekv32maas,raw
6.0,beta,always_abstain,0.0,0.0,0.0,0.95,deepseekv32maas,raw
0.0,isotonic_direct,original,0.0,0.0,0.0,0.95,deepseekv32maas,processed
0.0,isotonic_direct,penalty_prompt,0.025575589459084606,0.01536523347202959,0.03619093851132687,0.95,deepseekv32maas,processed
0.0,isotonic_direct,always_abstain,0.19741100323624594,0.1798428109107721,0.21451687471104947,0.95,deepseekv32maas,processed
0.0,beta,original,0.0,0.0,0.0,0.95,deepseekv32maas,processed
0.0,beta,penalty_prompt,0.025575589459084606,0.01536523347202959,0.03619093851132687,0.95,deepseekv32maas,processed
0.0,beta,always_abstain,0.19741100323624594,0.1798428109107721,0.21451687471104947,0.95,deepseekv32maas,processed
3.0,isotonic_direct,original,0.3934350439204808,0.32700724302666045,0.4569309600862999,0.9916666666666667,deepseekv32maas,processed
3.0,isotonic_direct,penalty_prompt,0.5742394822006472,0.5395282015718911,0.6081974110032363,0.95,deepseekv32maas,processed
3.0,isotonic_direct,always_abstain,-0.011095700416088766,-0.020804438280166437,-0.0023000462320851302,0.95,deepseekv32maas,processed
3.0,beta,original,0.4045307443365696,0.35413777161349974,0.45399907535829864,0.95,deepseekv32maas,processed
3.0,beta,penalty_prompt,0.585335182616736,0.5502249190938512,0.6167519648636154,0.95,deepseekv32maas,processed
3.0,beta,always_abstain,0.0,0.0,0.0,0.95,deepseekv32maas,processed
6.0,isotonic_direct,original,0.050855293573740176,0.018955154877484975,0.08768878101402373,0.9916666666666667,deepseekv32maas,processed
6.0,isotonic_direct,penalty_prompt,1.211465557096625,1.1484958391123443,1.2740665742024966,0.95,deepseekv32maas,processed
6.0,isotonic_direct,always_abstain,0.0009246417013407304,0.0,0.002311604253351826,0.95,deepseekv32maas,processed
6.0,beta,original,0.049930651872399444,0.025427646786870088,0.0758206195099399,0.95,deepseekv32maas,processed
6.0,beta,penalty_prompt,1.2105409153952844,1.1481074895977812,1.2728023578363388,0.95,deepseekv32maas,processed
6.0,beta,always_abstain,0.0,0.0,0.0,0.95,deepseekv32maas,processed
