seed,L,method,threshold,fit_mean_score,n_test,n_answered,n_incorrect,answer_rate,conditional_error,mean_score,mean_raw_reported_error,raw_probability_implied_score,score_overstatement,model_key,representation
20260912,0.0,original,0.0,0.5464632454923717,2163,2115.0,913.0,0.9778085991678225,0.43167848699763595,0.555709662505779,0.3388416075650118,0.6464863615349052,0.09077669902912622,gemini35flash,raw
20260912,0.0,isotonic_direct,0.0,0.5464632454923717,2163,2115.0,913.0,0.9778085991678225,0.43167848699763595,0.555709662505779,0.3388416075650118,0.6464863615349052,0.09077669902912622,gemini35flash,raw
20260912,0.0,beta,0.0,0.5464632454923717,2163,2115.0,913.0,0.9778085991678225,0.43167848699763595,0.555709662505779,0.3388416075650118,0.6464863615349052,0.09077669902912622,gemini35flash,raw
20260912,0.0,always_abstain,inf,0.0,2163,0.0,0.0,0.0,,0.0,,0.0,0.0,gemini35flash,raw
20260912,0.0,penalty_prompt,,,2163,2161.62,992.8200000000002,0.9993619972260749,0.4592944180753325,0.5403606102635229,,,,gemini35flash,raw
20260912,3.0,original,0.75,-0.08552935737401757,2163,1141.0,329.0,0.5275080906148867,0.2883435582822086,-0.08090614886731391,0.14299737072743207,0.22577901063337957,0.30668515950069347,gemini35flash,raw
20260912,3.0,isotonic_direct,0.95,0.04576976421636616,2163,329.0,51.0,0.15210355987055016,0.15501519756838905,0.05779010633379565,0.049270516717325276,0.12212667591308364,0.06433656957928799,gemini35flash,raw
20260912,3.0,beta,0.8974101127295988,0.03421174294960703,2163,378.0,61.0,0.17475728155339806,0.16137566137566137,0.061950993989828944,0.05584656084656088,0.1357189089227924,0.07376791493296345,gemini35flash,raw
20260912,3.0,always_abstain,inf,0.0,2163,0.0,0.0,0.0,,0.0,,0.0,0.0,gemini35flash,raw
20260912,3.0,penalty_prompt,,,2163,1847.84,723.6399999999999,0.8542949607027277,0.3916139925534678,-0.4839204808136846,,,,gemini35flash,raw
20260912,6.0,original,0.8571428571428571,-0.07397133610725844,2163,378.0,61.0,0.17475728155339806,0.16137566137566137,-0.022653721682847898,0.05584656084656088,0.10644012944983815,0.12909385113268604,gemini35flash,raw
20260912,6.0,isotonic_direct,0.98,0.004623208506703652,2163,8.0,1.0,0.0036985668053629217,0.125,0.0004623208506703652,0.020000000000000018,0.0031807674526121124,0.002718446601941747,gemini35flash,raw
20260912,6.0,beta,0.9829282344753355,0.0,2163,0.0,0.0,0.0,,0.0,,0.0,0.0,gemini35flash,raw
20260912,6.0,always_abstain,inf,0.0,2163,0.0,0.0,0.0,,0.0,,0.0,0.0,gemini35flash,raw
20260912,6.0,penalty_prompt,,,2163,1767.1399999999999,661.54,0.8169856680536292,0.3743563045372749,-1.3239204808136846,,,,gemini35flash,raw
20260912,0.0,original,0.0,0.5464632454923717,2163,2115.0,912.0,0.9778085991678225,0.43120567375886526,0.5561719833564494,0.3223735224586288,0.6625889967637539,0.10641701340730458,gemini35flash,processed
20260912,0.0,isotonic_direct,0.0,0.5464632454923717,2163,2115.0,912.0,0.9778085991678225,0.43120567375886526,0.5561719833564494,0.3223735224586288,0.6625889967637539,0.10641701340730458,gemini35flash,processed
20260912,0.0,beta,0.0,0.5464632454923717,2163,2115.0,912.0,0.9778085991678225,0.43120567375886526,0.5561719833564494,0.3223735224586288,0.6625889967637539,0.10641701340730458,gemini35flash,processed
20260912,0.0,always_abstain,inf,0.0,2163,0.0,0.0,0.0,,0.0,,0.0,0.0,gemini35flash,processed
20260912,0.0,penalty_prompt,,,2163,2161.62,992.8200000000002,0.9993619972260749,0.4592944180753325,0.5403606102635229,,,,gemini35flash,processed
20260912,3.0,original,0.75,-0.06703652334720296,2163,1202.0,329.0,0.555709662505779,0.2737104825291181,-0.052704576976421634,0.13821131447587354,0.2484882108183079,0.3011927877947295,gemini35flash,processed
20260912,3.0,isotonic_direct,0.8999999999999999,0.06102635228848821,2163,462.0,62.0,0.21359223300970873,0.1341991341991342,0.09893666204345816,0.06034632034632037,0.1620342117429496,0.06309754969949144,gemini35flash,processed
20260912,3.0,beta,0.8830390452204383,0.06102635228848821,2163,462.0,62.0,0.21359223300970873,0.1341991341991342,0.09893666204345816,0.06034632034632037,0.1620342117429496,0.06309754969949144,gemini35flash,processed
20260912,3.0,always_abstain,inf,0.0,2163,0.0,0.0,0.0,,0.0,,0.0,0.0,gemini35flash,processed
20260912,3.0,penalty_prompt,,,2163,1847.84,723.6399999999999,0.8542949607027277,0.3916139925534678,-0.4839204808136846,,,,gemini35flash,processed
20260912,6.0,original,0.8571428571428571,-0.05131761442441054,2163,462.0,62.0,0.21359223300970873,0.1341991341991342,0.012944983818770227,0.06034632034632037,0.12336569579288022,0.11042071197410999,gemini35flash,processed
20260912,6.0,isotonic_direct,0.9500000000000001,0.008321775312066574,2163,16.0,1.0,0.007397133610725843,0.0625,0.004160887656033287,0.029999999999999985,0.005843735552473417,0.00168284789644013,gemini35flash,processed
20260912,6.0,beta,0.9709501838035011,0.005085529357374018,2163,10.0,1.0,0.004623208506703652,0.1,0.0013869625520110957,0.018000000000000016,0.004040684234858992,0.002653721682847896,gemini35flash,processed
20260912,6.0,always_abstain,inf,0.0,2163,0.0,0.0,0.0,,0.0,,0.0,0.0,gemini35flash,processed
20260912,6.0,penalty_prompt,,,2163,1767.1399999999999,661.54,0.8169856680536292,0.3743563045372749,-1.3239204808136846,,,,gemini35flash,processed
20260912,0.0,original,0.0,0.3079056865464632,2163,2156.0,1443.0,0.9967637540453075,0.6692949907235621,0.3296347665279704,0.6023515769944342,0.39636153490522424,0.06672676837725383,sonnet46,raw
20260912,0.0,isotonic_direct,0.0,0.3079056865464632,2163,2156.0,1443.0,0.9967637540453075,0.6692949907235621,0.3296347665279704,0.6023515769944342,0.39636153490522424,0.06672676837725383,sonnet46,raw
20260912,0.0,beta,0.0,0.3079056865464632,2163,2156.0,1443.0,0.9967637540453075,0.6692949907235621,0.3296347665279704,0.6023515769944342,0.39636153490522424,0.06672676837725383,sonnet46,raw
20260912,0.0,always_abstain,inf,0.0,2163,0.0,0.0,0.0,,0.0,,0.0,0.0,sonnet46,raw
20260912,0.0,penalty_prompt,,,2163,2156.8199999999997,1517.04,0.997142857142857,0.7033688485826356,0.29578363384188633,,,,sonnet46,raw
20260912,3.0,original,0.75,-0.030975496994914472,2163,341.0,91.0,0.15765141007859454,0.2668621700879765,-0.0106333795654184,0.17322580645161292,0.048414239482200645,0.05904761904761904,sonnet46,raw
20260912,3.0,isotonic_direct,0.88,0.016643550624133148,2163,85.0,15.0,0.039297272306981046,0.17647058823529413,0.01155802126675913,0.09799999999999998,0.023892741562644475,0.012334720295885344,sonnet46,raw
20260912,3.0,beta,0.8420844494599572,0.012020342117429497,2163,192.0,42.0,0.08876560332871013,0.21875,0.011095700416088766,0.12697916666666664,0.0436800739713361,0.032584373555247334,sonnet46,raw
20260912,3.0,always_abstain,inf,0.0,2163,0.0,0.0,0.0,,0.0,,0.0,0.0,sonnet46,raw
20260912,3.0,penalty_prompt,,,2163,1296.42,765.02,0.599361997226075,0.5901019731259931,-0.8153767914932963,,,,sonnet46,raw
20260912,6.0,original,0.8571428571428571,0.0,2163,85.0,15.0,0.039297272306981046,0.17647058823529413,-0.009246417013407305,0.09799999999999998,0.012339343504392053,0.021585760517799358,sonnet46,raw
20260912,6.0,isotonic_direct,0.9,0.01155802126675913,2163,48.0,11.0,0.022191400832177532,0.22916666666666666,-0.013407304669440592,0.08124999999999998,0.009570041608876565,0.022977346278317157,sonnet46,raw
20260912,6.0,beta,0.9277985003252885,0.003236245954692557,2163,11.0,0.0,0.005085529357374018,0.0,0.005085529357374018,0.055454545454545465,0.003111419325011558,-0.0019741100323624598,sonnet46,raw
20260912,6.0,always_abstain,inf,0.0,2163,0.0,0.0,0.0,,0.0,,0.0,0.0,sonnet46,raw
20260912,6.0,penalty_prompt,,,2163,1039.58,566.9,0.48061950993989827,0.5453163777679447,-1.3540083217753123,,,,sonnet46,raw
20260912,0.0,original,0.0,0.3083680073971336,2163,2156.0,1440.0,0.9967637540453075,0.6679035250463822,0.3310217290799815,0.5992857142857143,0.3994174757281554,0.06839574664817388,sonnet46,processed
20260912,0.0,isotonic_direct,0.0,0.3083680073971336,2163,2156.0,1440.0,0.9967637540453075,0.6679035250463822,0.3310217290799815,0.5992857142857143,0.3994174757281554,0.06839574664817388,sonnet46,processed
20260912,0.0,beta,0.0,0.3083680073971336,2163,2156.0,1440.0,0.9967637540453075,0.6679035250463822,0.3310217290799815,0.5992857142857143,0.3994174757281554,0.06839574664817388,sonnet46,processed
20260912,0.0,always_abstain,inf,0.0,2163,0.0,0.0,0.0,,0.0,,0.0,0.0,sonnet46,processed
20260912,0.0,penalty_prompt,,,2163,2156.8199999999997,1517.04,0.997142857142857,0.7033688485826356,0.29578363384188633,,,,sonnet46,processed
20260912,3.0,original,0.75,-0.025889967637540454,2163,347.0,91.0,0.16042533518261673,0.2622478386167147,-0.00785945446139621,0.16893371757925074,0.052020342117429494,0.0598797965788257,sonnet46,processed
20260912,3.0,isotonic_direct,0.7799999999999999,0.02034211742949607,2163,245.0,51.0,0.11326860841423948,0.20816326530612245,0.018955154877484975,0.13518367346938778,0.052020342117429494,0.03306518723994452,sonnet46,processed
20260912,3.0,beta,0.8357187287938862,0.016181229773462782,2163,204.0,42.0,0.09431345353675451,0.20588235294117646,0.016643550624133148,0.12441176470588235,0.047378640776699024,0.030735090152565876,sonnet46,processed
20260912,3.0,always_abstain,inf,0.0,2163,0.0,0.0,0.0,,0.0,,0.0,0.0,sonnet46,processed
20260912,3.0,penalty_prompt,,,2163,1296.42,765.02,0.599361997226075,0.5901019731259931,-0.8153767914932963,,,,sonnet46,processed
20260912,6.0,original,0.8571428571428571,0.0036985668053629217,2163,95.0,15.0,0.043920480813684694,0.15789473684210525,-0.004623208506703652,0.09494736842105259,0.01472954230235784,0.019352750809061493,sonnet46,processed
20260912,6.0,isotonic_direct,0.8999999999999999,0.016181229773462782,2163,61.0,11.0,0.02820157189089228,0.18032786885245902,-0.007397133610725843,0.0811475409836065,0.012182154415164128,0.01957928802588997,sonnet46,processed
20260912,6.0,beta,0.9184595537136231,0.01155802126675913,2163,38.0,5.0,0.01756819232547388,0.13157894736842105,0.0013869625520110957,0.06999999999999998,0.008959778085991679,0.007572815533980583,sonnet46,processed
20260912,6.0,always_abstain,inf,0.0,2163,0.0,0.0,0.0,,0.0,,0.0,0.0,sonnet46,processed
20260912,6.0,penalty_prompt,,,2163,1039.58,566.9,0.48061950993989827,0.5453163777679447,-1.3540083217753123,,,,sonnet46,processed
20260912,0.0,original,0.0,0.17568192325473878,2163,2126.0,1700.0,0.9828941285251965,0.7996237064910631,0.19694868238557559,0.5862323612417686,0.40668978270920014,0.20974110032362456,deepseekv32maas,raw
20260912,0.0,isotonic_direct,0.0,0.17568192325473878,2163,2126.0,1700.0,0.9828941285251965,0.7996237064910631,0.19694868238557559,0.5862323612417686,0.40668978270920014,0.20974110032362456,deepseekv32maas,raw
20260912,0.0,beta,0.0,0.17568192325473878,2163,2126.0,1700.0,0.9828941285251965,0.7996237064910631,0.19694868238557559,0.5862323612417686,0.40668978270920014,0.20974110032362456,deepseekv32maas,raw
20260912,0.0,always_abstain,inf,0.0,2163,0.0,0.0,0.0,,0.0,,0.0,0.0,deepseekv32maas,raw
20260912,0.0,penalty_prompt,,,2163,2132.34,1760.6599999999999,0.9858252427184466,0.8256938386936417,0.17183541377716138,,,,deepseekv32maas,raw
20260912,3.0,original,0.75,-0.3888118354137772,2163,549.0,359.0,0.2538141470180305,0.6539162112932605,-0.410078594544614,0.15027322404371585,0.10124826629680996,0.511326860841424,deepseekv32maas,raw
20260912,3.0,isotonic_direct,inf,0.0,2163,0.0,0.0,0.0,,0.0,,0.0,0.0,deepseekv32maas,raw
20260912,3.0,beta,0.9999854717044382,0.0,2163,0.0,0.0,0.0,,0.0,,0.0,0.0,deepseekv32maas,raw
20260912,3.0,always_abstain,inf,0.0,2163,0.0,0.0,0.0,,0.0,,0.0,0.0,deepseekv32maas,raw
20260912,3.0,penalty_prompt,,,2163,702.0,492.02,0.3245492371705964,0.7008831908831908,-0.585335182616736,,,,deepseekv32maas,raw
20260912,6.0,original,0.8571428571428571,-0.03282478039759593,2163,35.0,22.0,0.016181229773462782,0.6285714285714286,-0.05501618122977346,0.08,0.007119741100323625,0.062135922330097085,deepseekv32maas,raw
20260912,6.0,isotonic_direct,inf,0.0,2163,0.0,0.0,0.0,,0.0,,0.0,0.0,deepseekv32maas,raw
20260912,6.0,beta,inf,0.0,2163,0.0,0.0,0.0,,0.0,,0.0,0.0,deepseekv32maas,raw
20260912,6.0,always_abstain,inf,0.0,2163,0.0,0.0,0.0,,0.0,,0.0,0.0,deepseekv32maas,raw
20260912,6.0,penalty_prompt,,,2163,675.24,470.52,0.3121775312066574,0.6968189088324152,-1.2105409153952844,,,,deepseekv32maas,raw
20260912,0.0,original,0.0,0.17614424410540916,2163,2126.0,1699.0,0.9828941285251965,0.7991533396048918,0.19741100323624594,0.5820931326434617,0.4107582061950994,0.21334720295885345,deepseekv32maas,processed
20260912,0.0,isotonic_direct,0.0,0.17614424410540916,2163,2126.0,1699.0,0.9828941285251965,0.7991533396048918,0.19741100323624594,0.5820931326434617,0.4107582061950994,0.21334720295885345,deepseekv32maas,processed
20260912,0.0,beta,0.0,0.17614424410540916,2163,2126.0,1699.0,0.9828941285251965,0.7991533396048918,0.19741100323624594,0.5820931326434617,0.4107582061950994,0.21334720295885345,deepseekv32maas,processed
20260912,0.0,always_abstain,inf,0.0,2163,0.0,0.0,0.0,,0.0,,0.0,0.0,deepseekv32maas,processed
20260912,0.0,penalty_prompt,,,2163,2132.34,1760.6599999999999,0.9858252427184466,0.8256938386936417,0.17183541377716138,,,,deepseekv32maas,processed
20260912,3.0,original,0.75,-0.386037910309755,2163,565.0,360.0,0.26121128062875637,0.6371681415929203,-0.4045307443365696,0.14902654867256634,0.10550161812297733,0.510032362459547,deepseekv32maas,processed
20260912,3.0,isotonic_direct,0.9400000000000001,0.0013869625520110957,2163,20.0,11.0,0.009246417013407305,0.55,-0.011095700416088766,0.05000000000000003,0.0073971336107258425,0.01849283402681461,deepseekv32maas,processed
20260912,3.0,beta,0.9995401056030822,0.0,2163,0.0,0.0,0.0,,0.0,,0.0,0.0,deepseekv32maas,processed
20260912,3.0,always_abstain,inf,0.0,2163,0.0,0.0,0.0,,0.0,,0.0,0.0,deepseekv32maas,processed
20260912,3.0,penalty_prompt,,,2163,702.0,492.02,0.3245492371705964,0.7008831908831908,-0.585335182616736,,,,deepseekv32maas,processed
20260912,6.0,original,0.8571428571428571,-0.02820157189089228,2163,46.0,22.0,0.0212667591308368,0.4782608695652174,-0.049930651872399444,0.0782608695652174,0.009616273693943595,0.05954692556634304,deepseekv32maas,processed
20260912,6.0,isotonic_direct,0.9500000000000001,0.0004623208506703652,2163,2.0,0.0,0.0009246417013407304,0.0,0.0009246417013407304,0.04999999999999993,0.0006010171058714752,-0.0003236245954692552,deepseekv32maas,processed
20260912,6.0,beta,0.9999637457853692,0.0,2163,0.0,0.0,0.0,,0.0,,0.0,0.0,deepseekv32maas,processed
20260912,6.0,always_abstain,inf,0.0,2163,0.0,0.0,0.0,,0.0,,0.0,0.0,deepseekv32maas,processed
20260912,6.0,penalty_prompt,,,2163,675.24,470.52,0.3121775312066574,0.6968189088324152,-1.2105409153952844,,,,deepseekv32maas,processed
