model_key,representation,start,end,n,k,u_start,u_end,fitted_probability
gemini35flash,raw,0,0,3,0,0.05,0.05,0.0
gemini35flash,raw,1,1,2,0,0.1,0.1,0.0
gemini35flash,raw,2,3,25,1,0.15,0.2,0.04
gemini35flash,raw,4,4,16,1,0.25,0.25,0.0625
gemini35flash,raw,5,5,60,7,0.3,0.3,0.11666666666666667
gemini35flash,raw,6,6,18,3,0.35,0.35,0.16666666666666666
gemini35flash,raw,7,7,652,245,0.4,0.4,0.37576687116564417
gemini35flash,raw,8,8,33,14,0.45,0.45,0.42424242424242425
gemini35flash,raw,9,12,197,124,0.5,0.7,0.6294416243654822
gemini35flash,raw,13,14,505,322,0.75,0.8,0.6376237623762376
gemini35flash,raw,15,16,279,195,0.85,0.9,0.6989247311827957
gemini35flash,raw,17,17,317,260,0.95,0.95,0.8201892744479495
gemini35flash,raw,18,18,10,10,0.98,0.98,1.0
gemini35flash,processed,0,0,3,0,0.05,0.05,0.0
gemini35flash,processed,1,1,2,0,0.1,0.1,0.0
gemini35flash,processed,2,3,25,1,0.15,0.2,0.04
gemini35flash,processed,4,4,16,1,0.25,0.25,0.0625
gemini35flash,processed,5,5,60,7,0.3,0.3,0.11666666666666667
gemini35flash,processed,6,6,18,3,0.35,0.35,0.16666666666666666
gemini35flash,processed,7,7,589,186,0.4,0.4,0.3157894736842105
gemini35flash,processed,8,8,29,10,0.45,0.45,0.3448275862068966
gemini35flash,processed,9,9,2,1,0.5,0.5,0.5
gemini35flash,processed,10,11,128,75,0.55,0.6,0.5859375
gemini35flash,processed,12,18,575,371,0.6000000000000001,0.8,0.6452173913043479
gemini35flash,processed,19,19,214,152,0.85,0.85,0.7102803738317757
gemini35flash,processed,20,21,98,75,0.8999999999999999,0.9,0.7653061224489796
gemini35flash,processed,22,24,340,282,0.9000000000000001,0.95,0.8294117647058824
gemini35flash,processed,25,25,7,7,0.9500000000000001,0.9500000000000001,1.0
gemini35flash,processed,26,26,9,9,0.98,0.98,1.0
gemini35flash,processed,27,27,2,2,0.99,0.99,1.0
sonnet46,raw,0,0,2,0,0.02,0.02,0.0
sonnet46,raw,1,1,17,0,0.03,0.03,0.0
sonnet46,raw,2,2,9,0,0.04,0.04,0.0
sonnet46,raw,3,4,80,1,0.05,0.06,0.0125
sonnet46,raw,5,6,169,8,0.08,0.1,0.047337278106508875
sonnet46,raw,7,7,31,2,0.12,0.12,0.06451612903225806
sonnet46,raw,8,9,177,12,0.15,0.18,0.06779661016949153
sonnet46,raw,10,11,175,18,0.2,0.22,0.10285714285714286
sonnet46,raw,12,12,207,30,0.25,0.25,0.14492753623188406
sonnet46,raw,13,13,105,20,0.3,0.3,0.19047619047619047
sonnet46,raw,14,14,245,68,0.35,0.35,0.27755102040816326
sonnet46,raw,15,15,65,20,0.4,0.4,0.3076923076923077
sonnet46,raw,16,19,365,147,0.45,0.55,0.40273972602739727
sonnet46,raw,20,20,64,33,0.6,0.6,0.515625
sonnet46,raw,21,21,22,12,0.65,0.65,0.5454545454545454
sonnet46,raw,22,24,205,124,0.7,0.75,0.6048780487804878
sonnet46,raw,25,26,21,14,0.78,0.8,0.6666666666666666
sonnet46,raw,27,28,114,85,0.82,0.85,0.7456140350877193
sonnet46,raw,29,29,38,29,0.88,0.88,0.7631578947368421
sonnet46,raw,30,31,24,21,0.9,0.91,0.875
sonnet46,raw,32,32,15,15,0.92,0.92,1.0
sonnet46,raw,33,33,3,3,0.93,0.93,1.0
sonnet46,raw,34,34,1,1,0.95,0.95,1.0
sonnet46,raw,35,35,3,3,0.97,0.97,1.0
sonnet46,processed,0,0,2,0,0.02,0.02,0.0
sonnet46,processed,1,1,17,0,0.03,0.03,0.0
sonnet46,processed,2,2,9,0,0.04,0.04,0.0
sonnet46,processed,3,4,81,1,0.05,0.06,0.012345679012345678
sonnet46,processed,5,6,169,8,0.08,0.1,0.047337278106508875
sonnet46,processed,7,7,31,2,0.12,0.12,0.06451612903225806
sonnet46,processed,8,9,176,12,0.15,0.18,0.06818181818181818
sonnet46,processed,10,11,175,18,0.2,0.22,0.10285714285714286
sonnet46,processed,12,12,204,29,0.25,0.25,0.14215686274509803
sonnet46,processed,13,13,103,18,0.3,0.3,0.17475728155339806
sonnet46,processed,14,15,243,66,0.30000000000000004,0.35,0.2716049382716049
sonnet46,processed,16,17,67,22,0.39999999999999997,0.4,0.3283582089552239
sonnet46,processed,18,23,352,134,0.44999999999999996,0.55,0.3806818181818182
sonnet46,processed,24,24,60,29,0.6,0.6,0.48333333333333334
sonnet46,processed,25,32,232,140,0.6000000000000001,0.75,0.603448275862069
sonnet46,processed,33,35,28,21,0.7799999999999999,0.8,0.75
sonnet46,processed,36,38,116,87,0.82,0.85,0.75
sonnet46,processed,39,39,36,27,0.88,0.88,0.75
sonnet46,processed,40,42,31,28,0.8999999999999999,0.91,0.9032258064516129
sonnet46,processed,43,43,15,15,0.92,0.92,1.0
sonnet46,processed,44,44,5,5,0.93,0.93,1.0
sonnet46,processed,45,45,1,1,0.95,0.95,1.0
sonnet46,processed,46,46,1,1,0.9500000000000001,0.9500000000000001,1.0
sonnet46,processed,47,47,3,3,0.97,0.97,1.0
deepseekv32maas,raw,0,0,28,0,0.01,0.01,0.0
deepseekv32maas,raw,1,1,245,5,0.02,0.02,0.02040816326530612
deepseekv32maas,raw,2,4,300,10,0.03,0.05,0.03333333333333333
deepseekv32maas,raw,5,7,34,3,0.1,0.2,0.08823529411764706
deepseekv32maas,raw,8,9,288,40,0.25,0.3,0.1388888888888889
deepseekv32maas,raw,10,11,508,99,0.35,0.4,0.19488188976377951
deepseekv32maas,raw,12,12,49,11,0.45,0.45,0.22448979591836735
deepseekv32maas,raw,13,17,169,42,0.5,0.7,0.2485207100591716
deepseekv32maas,raw,18,18,11,3,0.75,0.75,0.2727272727272727
deepseekv32maas,raw,19,19,33,10,0.8,0.8,0.30303030303030304
deepseekv32maas,raw,20,20,429,138,0.85,0.85,0.32167832167832167
deepseekv32maas,raw,21,21,18,8,0.9,0.9,0.4444444444444444
deepseekv32maas,raw,22,22,16,11,0.95,0.95,0.6875
deepseekv32maas,processed,0,0,28,0,0.01,0.01,0.0
deepseekv32maas,processed,1,1,244,5,0.02,0.02,0.020491803278688523
deepseekv32maas,processed,2,3,163,5,0.03,0.04,0.03067484662576687
deepseekv32maas,processed,4,4,137,5,0.05,0.05,0.0364963503649635
deepseekv32maas,processed,5,8,35,3,0.1,0.2,0.08571428571428572
deepseekv32maas,processed,9,9,10,1,0.25,0.25,0.1
deepseekv32maas,processed,10,10,274,36,0.3,0.3,0.13138686131386862
deepseekv32maas,processed,11,12,502,94,0.35,0.4,0.18725099601593626
deepseekv32maas,processed,13,13,48,11,0.45,0.45,0.22916666666666666
deepseekv32maas,processed,14,19,174,45,0.5,0.7,0.25862068965517243
deepseekv32maas,processed,20,20,11,3,0.75,0.75,0.2727272727272727
deepseekv32maas,processed,21,23,458,144,0.7999999999999999,0.85,0.314410480349345
deepseekv32maas,processed,24,24,21,11,0.9,0.9,0.5238095238095238
deepseekv32maas,processed,25,26,22,17,0.9400000000000001,0.95,0.7727272727272727
deepseekv32maas,processed,27,27,1,1,0.9500000000000001,0.9500000000000001,1.0
