model_key,representation,L,method,n_splits,mean_score,median_score,score_q25,score_q75,mean_answer_rate,median_answer_rate,n_all_abstain,n_positive_test_score,median_error_when_answering
deepseekv32maas,processed,0.0,always_abstain,100,0.0,0.0,0.0,0.0,0.0,0.0,100,0,
deepseekv32maas,processed,0.0,beta,100,0.18774387424872863,0.18700878409616273,0.18400369856680537,0.19059177068885808,0.983462783171521,0.9838187702265372,0,100,0.8101384791091653
deepseekv32maas,processed,0.0,isotonic_direct,100,0.18774387424872863,0.18700878409616273,0.18400369856680537,0.19059177068885808,0.983462783171521,0.9838187702265372,0,100,0.8101384791091653
deepseekv32maas,processed,0.0,original,100,0.18774387424872863,0.18700878409616273,0.18400369856680537,0.19059177068885808,0.983462783171521,0.9838187702265372,0,100,0.8101384791091653
deepseekv32maas,processed,0.0,penalty_prompt,100,0.1655311141932501,0.16503467406380026,0.16211742949607028,0.16855987055016183,0.9857026352288487,0.985709662505779,0,100,0.8325467744257862
deepseekv32maas,processed,3.0,always_abstain,100,0.0,0.0,0.0,0.0,0.0,0.0,100,0,
deepseekv32maas,processed,3.0,beta,100,0.0,0.0,0.0,0.0,0.0,0.0,100,0,
deepseekv32maas,processed,3.0,isotonic_direct,100,-5.547850208044383e-05,0.0004623208506703652,0.0,0.0009246417013407304,0.0009986130374479887,0.0004623208506703652,25,70,0.0
deepseekv32maas,processed,3.0,original,100,-0.39362459546925566,-0.3934350439204808,-0.40418400369856683,-0.38361072584373557,0.24815071659731852,0.24803513638465097,0,0,0.6463981938464769
deepseekv32maas,processed,3.0,penalty_prompt,100,-0.5912918169209431,-0.5907165973185391,-0.6018261673601479,-0.582845584835876,0.322875173370319,0.32301895515487755,0,0,0.709351361949617
deepseekv32maas,processed,6.0,always_abstain,100,0.0,0.0,0.0,0.0,0.0,0.0,100,0,
deepseekv32maas,processed,6.0,beta,100,0.0,0.0,0.0,0.0,0.0,0.0,100,0,
deepseekv32maas,processed,6.0,isotonic_direct,100,0.0005131761442441054,0.0004623208506703652,0.0,0.0009246417013407304,0.0005131761442441054,0.0004623208506703652,27,73,0.0
deepseekv32maas,processed,6.0,original,100,-0.039542302357836345,-0.039528432732316224,-0.045307443365695796,-0.03282478039759593,0.020619509939898285,0.020573277854831255,0,0,0.40967365967365965
deepseekv32maas,processed,6.0,penalty_prompt,100,-1.2149901987979659,-1.2150208044382802,-1.2312135922330096,-1.1982038834951456,0.30940527045769767,0.309533055940823,0,0,0.7037948988809308
deepseekv32maas,raw,0.0,always_abstain,100,0.0,0.0,0.0,0.0,0.0,0.0,100,0,
deepseekv32maas,raw,0.0,beta,100,0.1872491909385113,0.18631530282015718,0.18307905686546463,0.1901294498381877,0.983462783171521,0.9838187702265372,0,100,0.8106078531419971
deepseekv32maas,raw,0.0,isotonic_direct,100,0.1872491909385113,0.18631530282015718,0.18307905686546463,0.1901294498381877,0.983462783171521,0.9838187702265372,0,100,0.8106078531419971
deepseekv32maas,raw,0.0,original,100,0.1872491909385113,0.18631530282015718,0.18307905686546463,0.1901294498381877,0.983462783171521,0.9838187702265372,0,100,0.8106078531419971
deepseekv32maas,raw,0.0,penalty_prompt,100,0.1655311141932501,0.16503467406380026,0.16211742949607028,0.16855987055016183,0.9857026352288487,0.985709662505779,0,100,0.8325467744257862
deepseekv32maas,raw,3.0,always_abstain,100,0.0,0.0,0.0,0.0,0.0,0.0,100,0,
deepseekv32maas,raw,3.0,beta,100,0.0,0.0,0.0,0.0,0.0,0.0,100,0,
deepseekv32maas,raw,3.0,isotonic_direct,100,0.0,0.0,0.0,0.0,0.0,0.0,100,0,
deepseekv32maas,raw,3.0,original,100,-0.3976745261211281,-0.39620896902450303,-0.4092695330559408,-0.388002773925104,0.24317614424410539,0.2431807674526121,0,0,0.6585365853658537
deepseekv32maas,raw,3.0,penalty_prompt,100,-0.5912918169209431,-0.5907165973185391,-0.6018261673601479,-0.582845584835876,0.322875173370319,0.32301895515487755,0,0,0.709351361949617
deepseekv32maas,raw,6.0,always_abstain,100,0.0,0.0,0.0,0.0,0.0,0.0,100,0,
deepseekv32maas,raw,6.0,beta,100,0.0,0.0,0.0,0.0,0.0,0.0,100,0,
deepseekv32maas,raw,6.0,isotonic_direct,100,0.0,0.0,0.0,0.0,0.0,0.0,100,0,
deepseekv32maas,raw,6.0,original,100,-0.04433656957928803,-0.044382801664355064,-0.04946833102172908,-0.03791030975496995,0.0158252427184466,0.016181229773462782,0,0,0.5405405405405406
deepseekv32maas,raw,6.0,penalty_prompt,100,-1.2149901987979659,-1.2150208044382802,-1.2312135922330096,-1.1982038834951456,0.30940527045769767,0.309533055940823,0,0,0.7037948988809308
gemini35flash,processed,0.0,always_abstain,100,0.0,0.0,0.0,0.0,0.0,0.0,100,0,
gemini35flash,processed,0.0,beta,100,0.5513546000924642,0.5513176144244105,0.5469255663430421,0.5566343042071198,0.9779103097549698,0.9778085991678225,0,100,0.4365098642304004
gemini35flash,processed,0.0,isotonic_direct,100,0.5513546000924642,0.5513176144244105,0.5469255663430421,0.5566343042071198,0.9779103097549698,0.9778085991678225,0,100,0.4365098642304004
gemini35flash,processed,0.0,original,100,0.5513546000924642,0.5513176144244105,0.5469255663430421,0.5566343042071198,0.9779103097549698,0.9778085991678225,0,100,0.4365098642304004
gemini35flash,processed,0.0,penalty_prompt,100,0.5362917244567731,0.5370319001386963,0.5317313915857604,0.5410402219140082,0.9991958391123439,0.9991631992602866,0,100,0.46242023491156087
gemini35flash,processed,3.0,always_abstain,100,0.0,0.0,0.0,0.0,0.0,0.0,100,0,
gemini35flash,processed,3.0,beta,100,0.08047156726768376,0.07951918631530282,0.07408691631992603,0.08841886269070735,0.21151178918169208,0.21128062875635692,0,100,0.15614010962025815
gemini35flash,processed,3.0,isotonic_direct,100,0.0764678687008784,0.077207582061951,0.07108183079056865,0.0850670365233472,0.24584373555247346,0.21497919556171982,0,100,0.16192478437645166
gemini35flash,processed,3.0,original,100,-0.05666204345815997,-0.05779010633379565,-0.07131299121590384,-0.04241793804900601,0.5438002773925104,0.5441516412390199,0,0,0.2764602046552179
gemini35flash,processed,3.0,penalty_prompt,100,-0.498573092926491,-0.49843735552473417,-0.515388349514563,-0.48166897827092,0.8500001849283402,0.85,0,0,0.3964110038768888
gemini35flash,processed,6.0,always_abstain,100,0.0,0.0,0.0,0.0,0.0,0.0,100,0,
gemini35flash,processed,6.0,beta,100,0.00019879796578825714,0.0036985668053629217,0.0018492834026814608,0.004738788719371244,0.01748035136384651,0.005085529357374018,0,89,0.0
gemini35flash,processed,6.0,isotonic_direct,100,-0.0015117891816920942,0.006010171058714748,0.004160887656033287,0.00785945446139621,0.03693481276005548,0.008321775312066574,0,83,0.047619047619047616
gemini35flash,processed,6.0,original,100,-0.01780859916782247,-0.019648636153490523,-0.02820157189089228,-0.005547850208044383,0.21151178918169208,0.21128062875635692,0,19,0.15614010962025815
gemini35flash,processed,6.0,penalty_prompt,100,-1.3408281091077208,-1.3457836338418863,-1.3679519186315303,-1.3083726306056405,0.8104307905686546,0.8103374942209893,0,0,0.3806368271493109
gemini35flash,raw,0.0,always_abstain,100,0.0,0.0,0.0,0.0,0.0,0.0,100,0,
gemini35flash,raw,0.0,beta,100,0.5511280628756358,0.5510864539990754,0.5469255663430421,0.5561719833564494,0.9779103097549698,0.9778085991678225,0,100,0.43658304306069207
gemini35flash,raw,0.0,isotonic_direct,100,0.5511280628756358,0.5510864539990754,0.5469255663430421,0.5561719833564494,0.9779103097549698,0.9778085991678225,0,100,0.43658304306069207
gemini35flash,raw,0.0,original,100,0.5511280628756358,0.5510864539990754,0.5469255663430421,0.5561719833564494,0.9779103097549698,0.9778085991678225,0,100,0.43658304306069207
gemini35flash,raw,0.0,penalty_prompt,100,0.5362917244567731,0.5370319001386963,0.5317313915857604,0.5410402219140082,0.9991958391123439,0.9991631992602866,0,100,0.46242023491156087
gemini35flash,raw,3.0,always_abstain,100,0.0,0.0,0.0,0.0,0.0,0.0,100,0,
gemini35flash,raw,3.0,beta,100,0.04852981969486824,0.047619047619047616,0.042071197411003236,0.05651872399445215,0.17152565880721216,0.17475728155339804,0,100,0.18229224879847994
gemini35flash,raw,3.0,isotonic_direct,100,0.046306056403143794,0.04669440591770689,0.039297272306981046,0.05605640314378178,0.1884974572353213,0.1558021266759131,0,100,0.17639303482587065
gemini35flash,raw,3.0,original,100,-0.0803929727230698,-0.08159963014331947,-0.09523809523809523,-0.06784558483587609,0.5190522422561257,0.5191863153028201,0,0,0.28903578939592267
gemini35flash,raw,3.0,penalty_prompt,100,-0.498573092926491,-0.49843735552473417,-0.515388349514563,-0.48166897827092,0.8500001849283402,0.85,0,0,0.3964110038768888
gemini35flash,raw,6.0,always_abstain,100,0.0,0.0,0.0,0.0,0.0,0.0,100,0,
gemini35flash,raw,6.0,beta,100,0.002149791955617198,0.0018492834026814608,0.0004623208506703652,0.0038141470180305132,0.0033795654184003696,0.004160887656033287,19,76,0.0
gemini35flash,raw,6.0,isotonic_direct,100,0.0008784096162736936,0.0027739251040221915,0.0009246417013407304,0.004160887656033287,0.008386500231160426,0.004160887656033287,2,89,0.0
gemini35flash,raw,6.0,original,100,-0.04710587147480352,-0.04969949144706426,-0.05779010633379565,-0.03363384188626907,0.1755802126675913,0.17614424410540916,0,0,0.18261766479418579
gemini35flash,raw,6.0,penalty_prompt,100,-1.3408281091077208,-1.3457836338418863,-1.3679519186315303,-1.3083726306056405,0.8104307905686546,0.8103374942209893,0,0,0.3806368271493109
sonnet46,processed,0.0,always_abstain,100,0.0,0.0,0.0,0.0,0.0,0.0,100,0,
sonnet46,processed,0.0,beta,100,0.32017105871474805,0.3210818307905686,0.31472491909385114,0.32558945908460474,0.9972584373555246,0.9972260748959778,0,100,0.6778757339993783
sonnet46,processed,0.0,isotonic_direct,100,0.32017105871474805,0.3210818307905686,0.31472491909385114,0.32558945908460474,0.9972584373555246,0.9972260748959778,0,100,0.6778757339993783
sonnet46,processed,0.0,original,100,0.32017105871474805,0.3210818307905686,0.31472491909385114,0.32558945908460474,0.9972584373555246,0.9972260748959778,0,100,0.6778757339993783
sonnet46,processed,0.0,penalty_prompt,100,0.288180027739251,0.28852981969486824,0.2836361534905224,0.2921312991215904,0.9975903837263062,0.9975774387424874,0,100,0.7108364988924795
sonnet46,processed,3.0,always_abstain,100,0.0,0.0,0.0,0.0,0.0,0.0,100,0,
sonnet46,processed,3.0,beta,100,0.015242718446601942,0.01502542764678687,0.009593157651410078,0.020226537216828478,0.08629218677762365,0.0889967637540453,0,100,0.20822758037225042
sonnet46,processed,3.0,isotonic_direct,100,0.015825242718446604,0.016643550624133148,0.012020342117429497,0.021729079981507166,0.08674526121128062,0.09916782246879335,0,98,0.20513195141996166
sonnet46,processed,3.0,original,100,-0.017725381414701803,-0.01571890892279242,-0.024156264447526582,-0.01144244105409154,0.16435506241331485,0.1636615811373093,0,4,0.27417379131043446
sonnet46,processed,3.0,penalty_prompt,100,-0.846176606564956,-0.8448127600554785,-0.8628640776699029,-0.8306588072122052,0.6042792417938049,0.6053952843273231,0,0,0.6008004962520218
sonnet46,processed,6.0,always_abstain,100,0.0,0.0,0.0,0.0,0.0,0.0,100,0,
sonnet46,processed,6.0,beta,100,0.005108645399907536,0.005547850208044383,0.003236245954692557,0.006934812760055479,0.00967175219602404,0.007397133610725843,0,93,0.0
sonnet46,processed,6.0,isotonic_direct,100,0.002006472491909385,0.004160887656033287,0.0,0.006010171058714748,0.01692556634304207,0.014331946370781322,0,74,0.10344827586206896
sonnet46,processed,6.0,original,100,0.0003236245954692556,0.0,-0.00439204808136847,0.006010171058714748,0.04271844660194175,0.042764678687008784,0,49,0.14285714285714285
sonnet46,processed,6.0,penalty_prompt,100,-1.414259546925566,-1.411687471104947,-1.4443989828941288,-1.383941285251965,0.49220323624595463,0.4922653721682848,0,0,0.5542953473042407
sonnet46,raw,0.0,always_abstain,100,0.0,0.0,0.0,0.0,0.0,0.0,100,0,
sonnet46,raw,0.0,beta,100,0.3192094313453537,0.31992602866389275,0.3138002773925104,0.32420249653259364,0.9972584373555246,0.9972260748959778,0,100,0.6789607806843472
sonnet46,raw,0.0,isotonic_direct,100,0.3192094313453537,0.31992602866389275,0.3138002773925104,0.32420249653259364,0.9972584373555246,0.9972260748959778,0,100,0.6789607806843472
sonnet46,raw,0.0,original,100,0.3192094313453537,0.31992602866389275,0.3138002773925104,0.32420249653259364,0.9972584373555246,0.9972260748959778,0,100,0.6789607806843472
sonnet46,raw,0.0,penalty_prompt,100,0.288180027739251,0.28852981969486824,0.2836361534905224,0.2921312991215904,0.9975903837263062,0.9975774387424874,0,100,0.7108364988924795
sonnet46,raw,3.0,always_abstain,100,0.0,0.0,0.0,0.0,0.0,0.0,100,0,
sonnet46,raw,3.0,beta,100,0.010406842348589922,0.010171058714748035,0.004623208506703652,0.01571890892279242,0.07065649560795192,0.08113730929264909,0,94,0.21968250938474265
sonnet46,raw,3.0,isotonic_direct,100,0.010638002773925103,0.010402219140083217,0.006472491909385114,0.015372168284789645,0.07654646324549237,0.09107720758206195,0,93,0.20875568680660866
sonnet46,raw,3.0,original,100,-0.021710587147480354,-0.020804438280166437,-0.028663892741562644,-0.01606564956079519,0.15942672214516873,0.15903837263060563,0,1,0.282425057935262
sonnet46,raw,3.0,penalty_prompt,100,-0.846176606564956,-0.8448127600554785,-0.8628640776699029,-0.8306588072122052,0.6042792417938049,0.6053952843273231,0,0,0.6008004962520218
sonnet46,raw,6.0,always_abstain,100,0.0,0.0,0.0,0.0,0.0,0.0,100,0,
sonnet46,raw,6.0,beta,100,0.0028941285251964867,0.003236245954692557,0.002311604253351826,0.0036985668053629217,0.004932963476652797,0.0034674063800277394,1,91,0.0
sonnet46,raw,6.0,isotonic_direct,100,0.0009754969949144705,0.003236245954692557,0.0004623208506703652,0.004160887656033287,0.011331484049930651,0.011095700416088766,0,78,0.10714285714285714
sonnet46,raw,6.0,original,100,-0.0038233934350439206,-0.003929727230698104,-0.009361997226074895,0.0013869625520110957,0.03857142857142857,0.038372630605640314,0,27,0.1566265060240964
sonnet46,raw,6.0,penalty_prompt,100,-1.414259546925566,-1.411687471104947,-1.4443989828941288,-1.383941285251965,0.49220323624595463,0.4922653721682848,0,0,0.5542953473042407
