model,L,metric,abstention,value
gemini35flash,0.0,hallucination_rate,0.0007905686546463246,0.46042995839112344
gemini35flash,3.0,hallucination_rate,0.1496301433194637,0.33599630143319464
gemini35flash,6.0,hallucination_rate,0.1889736477115118,0.3058113730929265
gemini35flash,0.0,accuracy_overall,0.0007905686546463246,0.5386269070735091
gemini35flash,3.0,accuracy_overall,0.1496301433194637,0.5142348589921405
gemini35flash,6.0,accuracy_overall,0.1889736477115118,0.5049422098936662
sonnet46,0.0,hallucination_rate,0.0018307905686546463,0.7070550161812298
sonnet46,3.0,hallucination_rate,0.39573740175681926,0.35901987979657884
sonnet46,6.0,hallucination_rate,0.5085298196948682,0.269750346740638
sonnet46,0.0,accuracy_overall,0.0018307905686546463,0.290078594544614
sonnet46,3.0,accuracy_overall,0.39573740175681926,0.24520573277854832
sonnet46,6.0,accuracy_overall,0.5085298196948682,0.22168284789644013
deepseekv32maas,0.0,hallucination_rate,0.013365695792880257,0.8181553398058252
deepseekv32maas,3.0,hallucination_rate,0.6771428571428573,0.22724919093851134
deepseekv32maas,6.0,hallucination_rate,0.6903929727230699,0.216833102172908
deepseekv32maas,0.0,accuracy_overall,0.013365695792880257,0.1670688858067499
deepseekv32maas,3.0,accuracy_overall,0.6771428571428573,0.09549699491447064
deepseekv32maas,6.0,accuracy_overall,0.6903929727230699,0.09267683772538142
