repeat_count,metric,mean,q25,q75,panel
2,top_answer_majority,0.6745,0.5,1.0,agreement
2,top_p_set_jaccard,0.2946084887334887,0.0,0.5,agreement
3,top_answer_majority,0.625,0.3333333333333333,0.6666666666666666,agreement
3,top_p_set_jaccard,0.28440230880230877,0.14285714285714285,0.40277777777777785,agreement
4,top_answer_majority,0.5965,0.5,0.75,agreement
4,top_p_set_jaccard,0.28949233035483035,0.16061507936507935,0.39351851851851855,agreement
5,top_answer_majority,0.6224,0.4,0.8,agreement
5,top_p_set_jaccard,0.3361589481248885,0.2100595238095238,0.44000000000000006,agreement
6,top_answer_majority,0.6103333333333334,0.5,0.8333333333333334,agreement
6,top_p_set_jaccard,0.3519867137695466,0.22876984126984126,0.4444444444444445,agreement
7,top_answer_majority,0.601,0.42857142857142855,0.7142857142857143,agreement
7,top_p_set_jaccard,0.3583275599893579,0.24099805617662762,0.44960317460317467,agreement
8,top_answer_majority,0.592125,0.5,0.75,agreement
8,top_p_set_jaccard,0.3549623081004577,0.24481351981351981,0.44569160997732415,agreement
9,top_answer_majority,0.6005555555555555,0.4444444444444444,0.7777777777777778,agreement
9,top_p_set_jaccard,0.36595366224392606,0.25233134920634914,0.45535714285714274,agreement
10,top_answer_majority,0.5986,0.4,0.8,agreement
10,top_p_set_jaccard,0.3697538790927568,0.26435185185185184,0.4580621693121693,agreement
11,top_answer_majority,0.5987272727272728,0.45454545454545453,0.7272727272727273,agreement
11,top_p_set_jaccard,0.37266934886953745,0.26396375089556906,0.45888872491145216,agreement
12,top_answer_majority,0.59525,0.5,0.75,agreement
12,top_p_set_jaccard,0.37426285629345035,0.2667568542568542,0.45985299422799414,agreement
13,top_answer_majority,0.603,0.46153846153846156,0.7692307692307693,agreement
13,top_p_set_jaccard,0.37966348622064583,0.2719551282051281,0.4686240842490844,agreement
14,top_answer_majority,0.5999285714285715,0.42857142857142855,0.7857142857142857,agreement
14,top_p_set_jaccard,0.38171215853149976,0.2734497645211931,0.4665260334903192,agreement
15,top_answer_majority,0.5981333333333333,0.4666666666666667,0.7333333333333333,agreement
15,top_p_set_jaccard,0.38382651074849866,0.27608276643990926,0.47209009244723543,agreement
16,top_answer_majority,0.5939375,0.4375,0.75,agreement
16,top_p_set_jaccard,0.38300732068452936,0.27766500860250853,0.4655704365079366,agreement
17,top_answer_majority,0.5974117647058823,0.47058823529411764,0.7647058823529411,agreement
17,top_p_set_jaccard,0.3856733228479728,0.28283232800696023,0.4673049428104577,agreement
18,top_answer_majority,0.5975,0.4444444444444444,0.7777777777777778,agreement
18,top_p_set_jaccard,0.3870698800856301,0.28428596185949134,0.468409586056645,agreement
19,top_answer_majority,0.5967894736842105,0.47368421052631576,0.7368421052631579,agreement
19,top_p_set_jaccard,0.38788775319203866,0.28276420217209686,0.46717736251727493,agreement
20,top_answer_majority,0.5942999999999999,0.45,0.75,agreement
20,top_p_set_jaccard,0.3881202782778257,0.28499425647451976,0.46849626594595656,agreement
21,top_answer_majority,0.5958095238095239,0.47619047619047616,0.7619047619047619,agreement
21,top_p_set_jaccard,0.3897364179836948,0.28658227685013415,0.47270077475434624,agreement
22,top_answer_majority,0.5958636363636364,0.45454545454545453,0.7386363636363636,agreement
22,top_p_set_jaccard,0.3905061013629383,0.2860372431801003,0.4690321583178725,agreement
23,top_answer_majority,0.5958695652173912,0.43478260869565216,0.7391304347826086,agreement
23,top_p_set_jaccard,0.3917849763765051,0.28859412162277776,0.47140438693420555,agreement
24,top_answer_majority,0.594875,0.4583333333333333,0.75,agreement
24,top_p_set_jaccard,0.39187737720364424,0.28877278870485407,0.470717723299245,agreement
25,top_answer_majority,0.5974400000000001,0.44,0.76,agreement
25,top_p_set_jaccard,0.3944029898734717,0.28967926286676304,0.47534027777777776,agreement
26,top_answer_majority,0.5967692307692307,0.46153846153846156,0.7307692307692307,agreement
26,top_p_set_jaccard,0.3938091360802744,0.29054212454212464,0.4708770118770119,agreement
27,top_answer_majority,0.596,0.4444444444444444,0.7407407407407407,agreement
27,top_p_set_jaccard,0.3940549698046007,0.29176971335091006,0.4746972934472935,agreement
28,top_answer_majority,0.5942857142857143,0.4642857142857143,0.75,agreement
28,top_p_set_jaccard,0.39389867643457993,0.2901558575169688,0.4716395817586293,agreement
29,top_answer_majority,0.5958275862068965,0.4482758620689655,0.7586206896551724,agreement
29,top_p_set_jaccard,0.394808181975865,0.290581749941356,0.4737772695285014,agreement
30,top_answer_majority,0.5957,0.4666666666666667,0.7666666666666667,agreement
30,top_p_set_jaccard,0.39538565363681233,0.2918838010648358,0.4736853185129044,agreement
31,top_answer_majority,0.5947096774193549,0.45161290322580644,0.7419354838709677,agreement
31,top_p_set_jaccard,0.3954590518171391,0.2929397081413212,0.47261520737327206,agreement
32,top_answer_majority,0.59421875,0.46875,0.75,agreement
32,top_p_set_jaccard,0.395519625020571,0.29112779161922353,0.47059502717264745,agreement
33,top_answer_majority,0.595969696969697,0.45454545454545453,0.7575757575757576,agreement
33,top_p_set_jaccard,0.3962032396997508,0.2935858373003259,0.4731274801587303,agreement
34,top_answer_majority,0.5955,0.4411764705882353,0.7352941176470589,agreement
34,top_p_set_jaccard,0.3966369156740413,0.29336226508686375,0.4780278272925322,agreement
35,top_answer_majority,0.5946571428571429,0.45714285714285713,0.7428571428571429,agreement
35,top_p_set_jaccard,0.3963077021202573,0.29185445740067584,0.4761834733893555,agreement
36,top_answer_majority,0.5940555555555556,0.4444444444444444,0.75,agreement
36,top_p_set_jaccard,0.39616751136985284,0.29314146281408193,0.4734126984126985,agreement
37,top_answer_majority,0.5941621621621622,0.4594594594594595,0.7567567567567568,agreement
37,top_p_set_jaccard,0.3957960070958703,0.2926368332618326,0.4736882143132132,agreement
38,top_answer_majority,0.5933157894736841,0.4473684210526316,0.7631578947368421,agreement
38,top_p_set_jaccard,0.3947546449476788,0.29208958912906297,0.4718240882714563,agreement
39,top_answer_majority,0.5939230769230769,0.46153846153846156,0.7435897435897436,agreement
39,top_p_set_jaccard,0.3955782654643828,0.29174940556519463,0.47319765348611453,agreement
40,top_answer_majority,0.593525,0.45,0.75,agreement
40,top_p_set_jaccard,0.39698595440509193,0.2917704517704511,0.4731422975172971,agreement
41,top_answer_majority,0.5948536585365853,0.4634146341463415,0.7560975609756098,agreement
41,top_p_set_jaccard,0.3975445023443402,0.2939467189314747,0.4755609053645512,agreement
42,top_answer_majority,0.5945952380952381,0.4523809523809524,0.7619047619047619,agreement
42,top_p_set_jaccard,0.397749706712556,0.2942110041848712,0.47367817045517213,agreement
43,top_answer_majority,0.5942093023255813,0.4418604651162791,0.7441860465116279,agreement
43,top_p_set_jaccard,0.39790459205705,0.2944828965177798,0.4751344723936089,agreement
44,top_answer_majority,0.5935,0.45454545454545453,0.75,agreement
44,top_p_set_jaccard,0.3976567488995666,0.2940986324575119,0.47500157303936286,agreement
45,top_answer_majority,0.5942,0.4444444444444444,0.7555555555555555,agreement
45,top_p_set_jaccard,0.39798986937880254,0.29493235930735867,0.47476594743640177,agreement
46,top_answer_majority,0.5941304347826087,0.45652173913043476,0.7608695652173914,agreement
46,top_p_set_jaccard,0.3981541215882594,0.29407737056287775,0.47669318014017215,agreement
47,top_answer_majority,0.5941702127659575,0.44680851063829785,0.7446808510638298,agreement
47,top_p_set_jaccard,0.3980866632673431,0.2957313179676737,0.47661859609708684,agreement
48,top_answer_majority,0.5936666666666667,0.4583333333333333,0.75,agreement
48,top_p_set_jaccard,0.3983317781527346,0.29607448919284046,0.4769736217043389,agreement
49,top_answer_majority,0.5943061224489796,0.4489795918367347,0.7551020408163265,agreement
49,top_p_set_jaccard,0.39848294105005455,0.2972410980223483,0.4768249412860377,agreement
50,top_answer_majority,0.59468,0.46,0.76,agreement
50,top_p_set_jaccard,0.3987640395178456,0.29712196307094296,0.4764523809523805,agreement
51,top_answer_majority,0.5943529411764706,0.45098039215686275,0.7450980392156863,agreement
51,top_p_set_jaccard,0.39869190545839306,0.2967292685527979,0.4752030812324926,agreement
52,top_answer_majority,0.5939615384615384,0.46153846153846156,0.75,agreement
52,top_p_set_jaccard,0.39898387012757774,0.29680237225486106,0.4773005997270708,agreement
53,top_answer_majority,0.5946603773584905,0.4528301886792453,0.7547169811320755,agreement
53,top_p_set_jaccard,0.39920304831132747,0.29657188330537315,0.4779956874886122,agreement
54,top_answer_majority,0.594111111111111,0.4444444444444444,0.7453703703703703,agreement
54,top_p_set_jaccard,0.399409037712476,0.2972402471354258,0.47812839385166556,agreement
55,top_answer_majority,0.594,0.45454545454545453,0.7454545454545455,agreement
55,top_p_set_jaccard,0.39933797470071936,0.2973787477954136,0.4767488375821714,agreement
56,top_answer_majority,0.593875,0.44642857142857145,0.75,agreement
56,top_p_set_jaccard,0.39950092395698045,0.29689168470418487,0.4776363855300545,agreement
57,top_answer_majority,0.5943859649122807,0.45614035087719296,0.7543859649122807,agreement
57,top_p_set_jaccard,0.3996964035465622,0.29820483749055116,0.4796078738512959,agreement
58,top_answer_majority,0.5940172413793103,0.4482758620689655,0.7413793103448276,agreement
58,top_p_set_jaccard,0.39977795795085064,0.29749931581828326,0.4795990685056032,agreement
59,top_answer_majority,0.5938474576271187,0.4406779661016949,0.7457627118644068,agreement
59,top_p_set_jaccard,0.3999178762500618,0.29735952241796754,0.47749517066802283,agreement
60,top_answer_majority,0.5933833333333334,0.45,0.75,agreement
60,top_p_set_jaccard,0.3998900588524412,0.2969492646399431,0.47879912225251137,agreement
61,top_answer_majority,0.5940327868852459,0.45901639344262296,0.7540983606557377,agreement
61,top_p_set_jaccard,0.4000675337564578,0.29738583138173325,0.4807869828259177,agreement
62,top_answer_majority,0.5937741935483871,0.45161290322580644,0.7580645161290323,agreement
62,top_p_set_jaccard,0.3998967838247414,0.2991193665902811,0.47963384887631416,agreement
63,top_answer_majority,0.5935873015873016,0.4444444444444444,0.746031746031746,agreement
63,top_p_set_jaccard,0.3998184094809382,0.2973465222409151,0.47855526111159596,agreement
64,top_answer_majority,0.5934375,0.453125,0.75,agreement
64,top_p_set_jaccard,0.4001908174730517,0.29795196157733284,0.4782343927154196,agreement
65,top_answer_majority,0.5938153846153845,0.46153846153846156,0.7538461538461538,agreement
65,top_p_set_jaccard,0.4003377987195458,0.29869410103785204,0.4803544442336504,agreement
66,top_answer_majority,0.5935,0.45454545454545453,0.7575757575757576,agreement
66,top_p_set_jaccard,0.4005037669723383,0.2994975555076497,0.4808744033744049,agreement
67,top_answer_majority,0.5937164179104477,0.44776119402985076,0.746268656716418,agreement
67,top_p_set_jaccard,0.4007301543653565,0.30070665122295387,0.4800575282172992,agreement
68,top_answer_majority,0.5933382352941177,0.45588235294117646,0.75,agreement
68,top_p_set_jaccard,0.4006317390340462,0.2994320164398083,0.4785012504201497,agreement
69,top_answer_majority,0.5938840579710145,0.4492753623188406,0.7536231884057971,agreement
69,top_p_set_jaccard,0.40097763322127317,0.2980702546719177,0.4797636786163182,agreement
70,top_answer_majority,0.5939857142857142,0.45714285714285713,0.7571428571428571,agreement
70,top_p_set_jaccard,0.4009343302901364,0.2981264172335615,0.47998889079634294,agreement
71,top_answer_majority,0.5937042253521126,0.4507042253521127,0.7464788732394366,agreement
71,top_p_set_jaccard,0.4009407759063508,0.2975403723819222,0.4788449746095632,agreement
72,top_answer_majority,0.5933194444444445,0.4583333333333333,0.75,agreement
72,top_p_set_jaccard,0.4009356714602277,0.2988719741287242,0.47844286470428155,agreement
73,top_answer_majority,0.5939041095890412,0.4520547945205479,0.7534246575342466,agreement
73,top_p_set_jaccard,0.40111031857323953,0.298661812724312,0.4780762650697011,agreement
74,top_answer_majority,0.5936081081081082,0.4560810810810811,0.7567567567567568,agreement
74,top_p_set_jaccard,0.40121342428636914,0.29928221460755905,0.4795871191419135,agreement
75,top_answer_majority,0.5936266666666666,0.4533333333333333,0.7466666666666667,agreement
75,top_p_set_jaccard,0.4014272809885466,0.29992923767923935,0.4790479287979309,agreement
76,top_answer_majority,0.5932236842105264,0.4605263157894737,0.75,agreement
76,top_p_set_jaccard,0.40113683024107133,0.2991379490392654,0.47861893369787856,agreement
77,top_answer_majority,0.5935584415584416,0.45454545454545453,0.7532467532467533,agreement
77,top_p_set_jaccard,0.4011765370618022,0.3004008601048083,0.47990364779710537,agreement
78,top_answer_majority,0.593025641025641,0.45833333333333337,0.7435897435897436,agreement
78,top_p_set_jaccard,0.4011523093669048,0.3010450858665152,0.4799165480983655,agreement
79,top_answer_majority,0.593126582278481,0.45569620253164556,0.7468354430379747,agreement
79,top_p_set_jaccard,0.4012155000694633,0.30122389916693904,0.48039143814460145,agreement
80,top_answer_majority,0.5929625,0.45,0.75,agreement
80,top_p_set_jaccard,0.4012492963025378,0.3003572397914346,0.47919157099932397,agreement
81,top_answer_majority,0.593074074074074,0.4567901234567901,0.7530864197530864,agreement
81,top_p_set_jaccard,0.40139399275533816,0.29892388261601155,0.47973979210090123,agreement
82,top_answer_majority,0.5931951219512196,0.45121951219512196,0.7439024390243902,agreement
82,top_p_set_jaccard,0.4015318734962342,0.2997647247195575,0.4795567655527232,agreement
83,top_answer_majority,0.5931566265060241,0.4578313253012048,0.7469879518072289,agreement
83,top_p_set_jaccard,0.4014673723487841,0.3006779348903936,0.479283828376537,agreement
84,top_answer_majority,0.5929404761904762,0.4523809523809524,0.75,agreement
84,top_p_set_jaccard,0.40143941060050997,0.300861853890037,0.47947077425347595,agreement
85,top_answer_majority,0.5933647058823529,0.4470588235294118,0.7529411764705882,agreement
85,top_p_set_jaccard,0.40156340452316536,0.30137093726379577,0.48016382388230994,agreement
86,top_answer_majority,0.5931976744186046,0.45348837209302323,0.7441860465116279,agreement
86,top_p_set_jaccard,0.40157539070760123,0.3004189466484289,0.47884388639176584,agreement
87,top_answer_majority,0.5932298850574713,0.4482758620689655,0.7471264367816092,agreement
87,top_p_set_jaccard,0.40163856105278545,0.30123134146289854,0.4789831562561131,agreement
88,top_answer_majority,0.592875,0.45454545454545453,0.75,agreement
88,top_p_set_jaccard,0.4016191570581916,0.30127157148373185,0.4802628895101847,agreement
89,top_answer_majority,0.5929662921348314,0.449438202247191,0.7528089887640449,agreement
89,top_p_set_jaccard,0.4015949835026526,0.3013672869520664,0.4793837248893443,agreement
90,top_answer_majority,0.5931333333333333,0.45555555555555555,0.7555555555555555,agreement
90,top_p_set_jaccard,0.40175456394897924,0.3012209056029269,0.4795560608762867,agreement
91,top_answer_majority,0.5933296703296703,0.45054945054945056,0.7472527472527473,agreement
91,top_p_set_jaccard,0.40187625751075257,0.30117873731884515,0.4796999429142257,agreement
92,top_answer_majority,0.5931304347826087,0.45652173913043476,0.75,agreement
92,top_p_set_jaccard,0.40190831223449625,0.3008503500799251,0.48035006308179073,agreement
93,top_answer_majority,0.593268817204301,0.45161290322580644,0.7526881720430108,agreement
93,top_p_set_jaccard,0.40201438012734236,0.30007075336487987,0.4799605772519501,agreement
94,top_answer_majority,0.5931808510638298,0.45478723404255317,0.7446808510638298,agreement
94,top_p_set_jaccard,0.40208710575876944,0.30180080745025767,0.47808830948807624,agreement
95,top_answer_majority,0.5930631578947368,0.45263157894736844,0.7473684210526316,agreement
95,top_p_set_jaccard,0.40197368079902834,0.30250177951325574,0.4789340372207112,agreement
96,top_answer_majority,0.5929895833333334,0.45572916666666663,0.75,agreement
96,top_p_set_jaccard,0.4020634419053291,0.3018529952307498,0.4787298545698775,agreement
97,top_answer_majority,0.5932164948453608,0.4536082474226804,0.7525773195876289,agreement
97,top_p_set_jaccard,0.40231696412375884,0.30169750245459004,0.4800239833906097,agreement
98,top_answer_majority,0.5933061224489796,0.45663265306122447,0.7551020408163265,agreement
98,top_p_set_jaccard,0.4023155834671415,0.30286210213098474,0.48025131996834153,agreement
99,top_answer_majority,0.5932828282828283,0.45454545454545453,0.7474747474747475,agreement
99,top_p_set_jaccard,0.40226521331032583,0.3023783755926629,0.4786889561510247,agreement
100,top_answer_majority,0.5929800000000001,0.45,0.75,agreement
100,top_p_set_jaccard,0.4022322552413332,0.30243573093573217,0.47940978062908407,agreement
101,top_answer_majority,0.5929306930693069,0.45544554455445546,0.7524752475247525,agreement
101,top_p_set_jaccard,0.40224404483008636,0.30228335690712005,0.47986225051076575,agreement
102,top_answer_majority,0.5928529411764706,0.45098039215686275,0.7549019607843137,agreement
102,top_p_set_jaccard,0.4022577846082495,0.3013949364124131,0.4792093886990525,agreement
103,top_answer_majority,0.592757281553398,0.4563106796116505,0.7475728155339806,agreement
103,top_p_set_jaccard,0.4021432472083368,0.3027391214819788,0.4781906394734804,agreement
104,top_answer_majority,0.5928269230769231,0.4519230769230769,0.75,agreement
104,top_p_set_jaccard,0.40227964208696626,0.30281082186422004,0.47787718139776936,agreement
105,top_answer_majority,0.5930666666666667,0.45714285714285713,0.7523809523809524,agreement
105,top_p_set_jaccard,0.4024216509354051,0.3030947110434118,0.4784978777835944,agreement
106,top_answer_majority,0.5930754716981133,0.4528301886792453,0.7547169811320755,agreement
106,top_p_set_jaccard,0.40245503424976,0.3032339268996894,0.4787526205450769,agreement
107,top_answer_majority,0.5928598130841122,0.4485981308411215,0.7476635514018691,agreement
107,top_p_set_jaccard,0.40245260148646855,0.3037918691694465,0.47781390529472983,agreement
108,top_answer_majority,0.5927777777777778,0.4537037037037037,0.75,agreement
108,top_p_set_jaccard,0.40247024802768666,0.3030025630882309,0.4782366727701281,agreement
109,top_answer_majority,0.5931100917431192,0.44954128440366975,0.7522935779816514,agreement
109,top_p_set_jaccard,0.4029072686714168,0.30238194810059793,0.4792424204234258,agreement
110,top_answer_majority,0.5929545454545455,0.45454545454545453,0.7454545454545455,agreement
110,top_p_set_jaccard,0.40303374174920825,0.3028479013341388,0.48096429564319637,agreement
111,top_answer_majority,0.5928378378378378,0.45045045045045046,0.7477477477477478,agreement
111,top_p_set_jaccard,0.40278755835686286,0.3030000237954791,0.4781275106275084,agreement
112,top_answer_majority,0.5927232142857143,0.45535714285714285,0.75,agreement
112,top_p_set_jaccard,0.40251971514676654,0.3028742840126736,0.47785924127663437,agreement
113,top_answer_majority,0.5928053097345132,0.45132743362831856,0.7522123893805309,agreement
113,top_p_set_jaccard,0.4024961506255324,0.3022387977901615,0.4786934640107069,agreement
114,top_answer_majority,0.5928070175438596,0.4539473684210526,0.7456140350877193,agreement
114,top_p_set_jaccard,0.4026142532999663,0.3010202445693792,0.47881734202763526,agreement
115,top_answer_majority,0.5928521739130435,0.45217391304347826,0.7478260869565218,agreement
115,top_p_set_jaccard,0.40259485780928744,0.30235960274575574,0.4788494333660203,agreement
116,top_answer_majority,0.59275,0.45689655172413796,0.75,agreement
116,top_p_set_jaccard,0.40260519919814775,0.30228449763213894,0.47772054719393964,agreement
117,top_answer_majority,0.5931623931623932,0.452991452991453,0.7521367521367521,agreement
117,top_p_set_jaccard,0.4026276367424565,0.30213415236071806,0.47868257886218757,agreement
118,top_answer_majority,0.5930508474576272,0.4576271186440678,0.7542372881355932,agreement
118,top_p_set_jaccard,0.40255625425787306,0.30190164904148176,0.478917896956078,agreement
119,top_answer_majority,0.5927310924369747,0.453781512605042,0.7478991596638656,agreement
119,top_p_set_jaccard,0.4026111350084104,0.301693764207115,0.4791670738660091,agreement
120,top_answer_majority,0.5925666666666667,0.4583333333333333,0.75,agreement
120,top_p_set_jaccard,0.4026771190138081,0.3025977057489685,0.4781732832021665,agreement
121,top_answer_majority,0.5926115702479339,0.45454545454545453,0.7520661157024794,agreement
121,top_p_set_jaccard,0.4027964073172892,0.3015845735034735,0.4794476032557198,agreement
122,top_answer_majority,0.5926147540983606,0.4569672131147541,0.7459016393442623,agreement
122,top_p_set_jaccard,0.40286716686650165,0.30228054980290603,0.480829155940932,agreement
123,top_answer_majority,0.5925040650406505,0.45528455284552843,0.7479674796747967,agreement
123,top_p_set_jaccard,0.40278733167876946,0.30179511669429576,0.47874453393246197,agreement
124,top_answer_majority,0.5923951612903225,0.4576612903225806,0.75,agreement
124,top_p_set_jaccard,0.4027271227712189,0.30093283723299225,0.4787578733973796,agreement
125,top_answer_majority,0.5926079999999999,0.454,0.752,agreement
125,top_p_set_jaccard,0.40279451188893445,0.3020874807987734,0.47987853302611766,agreement
126,top_answer_majority,0.5924444444444444,0.4523809523809524,0.746031746031746,agreement
126,top_p_set_jaccard,0.40276951778427056,0.30174504340456443,0.4792119086380987,agreement
127,top_answer_majority,0.5924645669291339,0.4566929133858268,0.7480314960629921,agreement
127,top_p_set_jaccard,0.4028344849282911,0.30240839528897423,0.48028423530391845,agreement
128,top_answer_majority,0.5924296875,0.453125,0.75,agreement
128,top_p_set_jaccard,0.40284995022317643,0.3028412699641758,0.4795098366610432,agreement
129,top_answer_majority,0.5926511627906976,0.4573643410852713,0.751937984496124,agreement
129,top_p_set_jaccard,0.40284763010721014,0.302566387889076,0.4794002990610049,agreement
130,top_answer_majority,0.5926,0.45961538461538465,0.7538461538461538,agreement
130,top_p_set_jaccard,0.4028852765179655,0.30237061057275805,0.4813542787134015,agreement
131,top_answer_majority,0.5925419847328244,0.4580152671755725,0.7480916030534351,agreement
131,top_p_set_jaccard,0.40293977712084145,0.3025516594549194,0.48057805320209845,agreement
132,top_answer_majority,0.5924621212121213,0.45454545454545453,0.75,agreement
132,top_p_set_jaccard,0.4029301021910091,0.3006783346000901,0.4799157366363306,agreement
133,top_answer_majority,0.5926466165413534,0.45864661654135336,0.7518796992481203,agreement
133,top_p_set_jaccard,0.40289858728442196,0.30122692031013454,0.48021677570549803,agreement
134,top_answer_majority,0.5926716417910447,0.4552238805970149,0.746268656716418,agreement
134,top_p_set_jaccard,0.40297901053794627,0.3004990821937559,0.4804402057032092,agreement
135,top_answer_majority,0.5926592592592592,0.45925925925925926,0.7481481481481481,agreement
135,top_p_set_jaccard,0.40301093515665903,0.3014921753665539,0.47937534549474553,agreement
136,top_answer_majority,0.5925220588235294,0.45588235294117646,0.75,agreement
136,top_p_set_jaccard,0.40304851793113405,0.3023738523187024,0.4793491760750754,agreement
137,top_answer_majority,0.5926788321167883,0.45255474452554745,0.7518248175182481,agreement
137,top_p_set_jaccard,0.40310699661964955,0.30212617437485845,0.48063169610909817,agreement
138,top_answer_majority,0.592536231884058,0.45652173913043476,0.7463768115942029,agreement
138,top_p_set_jaccard,0.40310137392542034,0.3024542988482979,0.4807111813835849,agreement
139,top_answer_majority,0.5926187050359711,0.45323741007194246,0.7482014388489209,agreement
139,top_p_set_jaccard,0.4032153080516441,0.3036394536805103,0.4810212155266138,agreement
140,top_answer_majority,0.5924428571428572,0.45714285714285713,0.75,agreement
140,top_p_set_jaccard,0.4031532829327501,0.30268398767499494,0.48076768191555347,agreement
141,top_answer_majority,0.592418439716312,0.45390070921985815,0.75177304964539,agreement
141,top_p_set_jaccard,0.40313395520580425,0.30305215821553644,0.48095009600328636,agreement
142,top_answer_majority,0.5926267605633803,0.45774647887323944,0.7535211267605634,agreement
142,top_p_set_jaccard,0.4031813422473993,0.303651994710576,0.48048985581949516,agreement
143,top_answer_majority,0.5924685314685315,0.45454545454545453,0.7482517482517482,agreement
143,top_p_set_jaccard,0.40320894257584244,0.30434303568105914,0.48109197140887405,agreement
144,top_answer_majority,0.5925416666666666,0.4583333333333333,0.75,agreement
144,top_p_set_jaccard,0.4033442478563374,0.3033116415091244,0.48189839438382087,agreement
145,top_answer_majority,0.5926689655172415,0.45517241379310347,0.7517241379310344,agreement
145,top_p_set_jaccard,0.4034002534292295,0.30360329864101737,0.4819309603630603,agreement
146,top_answer_majority,0.5926506849315069,0.4520547945205479,0.7465753424657534,agreement
146,top_p_set_jaccard,0.4034606753060764,0.30329706232989556,0.4815538346212602,agreement
147,top_answer_majority,0.5925986394557823,0.45408163265306123,0.7482993197278912,agreement
147,top_p_set_jaccard,0.40343591557677966,0.30263421608296015,0.48218906283974994,agreement
148,top_answer_majority,0.5924594594594594,0.4527027027027027,0.75,agreement
148,top_p_set_jaccard,0.4033924995972322,0.3021960618899442,0.4825596145111426,agreement
149,top_answer_majority,0.5926308724832215,0.4563758389261745,0.7516778523489933,agreement
149,top_p_set_jaccard,0.4034072244852164,0.30272866059359194,0.4824093538648824,agreement
150,top_answer_majority,0.5926933333333334,0.4533333333333333,0.7466666666666667,agreement
150,top_p_set_jaccard,0.4033635553118548,0.30233099525381335,0.48262938105890985,agreement
151,top_answer_majority,0.5925562913907284,0.4552980132450331,0.7483443708609272,agreement
151,top_p_set_jaccard,0.40337230773243765,0.30225920032873604,0.4842285129005447,agreement
152,top_answer_majority,0.5924802631578947,0.45394736842105265,0.75,agreement
152,top_p_set_jaccard,0.40351073618917394,0.30309159931359747,0.4840039357499688,agreement
153,top_answer_majority,0.5928692810457517,0.45098039215686275,0.7516339869281046,agreement
153,top_p_set_jaccard,0.40389201781679374,0.30359376450384734,0.48401254696849555,agreement
154,top_answer_majority,0.5927987012987013,0.45454545454545453,0.7467532467532467,agreement
154,top_p_set_jaccard,0.4041438848048032,0.30402536665110047,0.4840638045851748,agreement
155,top_answer_majority,0.5926387096774194,0.45161290322580644,0.7483870967741936,agreement
155,top_p_set_jaccard,0.40384290249899346,0.30351262456105293,0.4832690662686455,agreement
156,top_answer_majority,0.592525641025641,0.4551282051282051,0.75,agreement
156,top_p_set_jaccard,0.40355510149201806,0.3033516789363574,0.4833079947634872,agreement
157,top_answer_majority,0.592656050955414,0.4585987261146497,0.7515923566878981,agreement
157,top_p_set_jaccard,0.40359692044099044,0.3037208574062357,0.48317205287916604,agreement
158,top_answer_majority,0.5925886075949367,0.45569620253164556,0.7468354430379747,agreement
158,top_p_set_jaccard,0.40350607074085915,0.30324901378864677,0.4837846450359667,agreement
159,top_answer_majority,0.5926352201257862,0.4591194968553459,0.7484276729559748,agreement
159,top_p_set_jaccard,0.4035493687243671,0.3044620412559766,0.48282698181789674,agreement
160,top_answer_majority,0.592475,0.45625,0.75,agreement
160,top_p_set_jaccard,0.40356992640156647,0.3038239680043824,0.4823619534291606,agreement
161,top_answer_majority,0.5926894409937888,0.453416149068323,0.7515527950310559,agreement
161,top_p_set_jaccard,0.4036626744953787,0.3035868776129716,0.4814290579006872,agreement
162,top_answer_majority,0.5925864197530863,0.4552469135802469,0.7469135802469136,agreement
162,top_p_set_jaccard,0.4036287154983461,0.30389298422568684,0.48045205940017743,agreement
163,top_answer_majority,0.5925766871165645,0.4539877300613497,0.7484662576687117,agreement
163,top_p_set_jaccard,0.4036211374889807,0.3032902719550632,0.4811145665295798,agreement
164,top_answer_majority,0.5924451219512196,0.45121951219512196,0.75,agreement
164,top_p_set_jaccard,0.4036655653421568,0.3035696532942342,0.4818382462965623,agreement
165,top_answer_majority,0.5926727272727272,0.45454545454545453,0.7515151515151515,agreement
165,top_p_set_jaccard,0.4038091197492152,0.3043817750677465,0.4818522510388958,agreement
166,top_answer_majority,0.592656626506024,0.45180722891566266,0.7469879518072289,agreement
166,top_p_set_jaccard,0.40374847862412694,0.30406830061951406,0.48266416314610444,agreement
167,top_answer_majority,0.592622754491018,0.4535928143712575,0.7485029940119761,agreement
167,top_p_set_jaccard,0.4037752601560311,0.3041481510157095,0.4825965324084929,agreement
168,top_answer_majority,0.5925238095238096,0.4523809523809524,0.75,agreement
168,top_p_set_jaccard,0.40378191544793474,0.30344787469528484,0.48097357580755473,agreement
169,top_answer_majority,0.5927751479289941,0.44970414201183434,0.7514792899408284,agreement
169,top_p_set_jaccard,0.40387738960857944,0.3038472020958276,0.4821305440604802,agreement
170,top_answer_majority,0.5927411764705882,0.45294117647058824,0.7470588235294118,agreement
170,top_p_set_jaccard,0.4039435434302215,0.3034141405351751,0.4808283816485032,agreement
171,top_answer_majority,0.5926900584795322,0.4502923976608187,0.7485380116959064,agreement
171,top_p_set_jaccard,0.4039644085445752,0.3043603549872818,0.4817694904472412,agreement
172,top_answer_majority,0.5925,0.45348837209302323,0.75,agreement
172,top_p_set_jaccard,0.403923753066159,0.3037123601992301,0.4820684557539313,agreement
173,top_answer_majority,0.5926011560693641,0.4508670520231214,0.7514450867052023,agreement
173,top_p_set_jaccard,0.4040438227131546,0.3045828892452275,0.48209083499995253,agreement
174,top_answer_majority,0.5925574712643678,0.4482758620689655,0.7471264367816092,agreement
174,top_p_set_jaccard,0.4040195387952162,0.30450203435304024,0.48177557415894806,agreement
175,top_answer_majority,0.5925942857142857,0.4514285714285714,0.7485714285714286,agreement
175,top_p_set_jaccard,0.40402056669566355,0.30486639607421834,0.48140353215475995,agreement
176,top_answer_majority,0.5924772727272728,0.453125,0.75,agreement
176,top_p_set_jaccard,0.40398772979633896,0.304146545436835,0.48213837536957194,agreement
177,top_answer_majority,0.5925819209039548,0.4519774011299435,0.751412429378531,agreement
177,top_p_set_jaccard,0.4039842002135602,0.3050027234614103,0.482730885791284,agreement
178,top_answer_majority,0.5924831460674158,0.449438202247191,0.7471910112359551,agreement
178,top_p_set_jaccard,0.4040207707292025,0.3048948948804596,0.4822559926742281,agreement
179,top_answer_majority,0.5925083798882681,0.45251396648044695,0.7486033519553073,agreement
179,top_p_set_jaccard,0.40396428107687987,0.3033245491718798,0.48256973525708424,agreement
180,top_answer_majority,0.5925,0.45416666666666666,0.75,agreement
180,top_p_set_jaccard,0.40408704050282085,0.3042346300174452,0.48213605864442466,agreement
181,top_answer_majority,0.5926629834254143,0.4530386740331492,0.7513812154696132,agreement
181,top_p_set_jaccard,0.40407056956272897,0.3027838517375808,0.482614333947222,agreement
182,top_answer_majority,0.5927692307692307,0.45604395604395603,0.7486263736263736,agreement
182,top_p_set_jaccard,0.4041606990564233,0.3034842443139557,0.48292778649920115,agreement
183,top_answer_majority,0.5926830601092896,0.453551912568306,0.7486338797814208,agreement
183,top_p_set_jaccard,0.4041323126134054,0.3045419910742524,0.4829204411903308,agreement
184,top_answer_majority,0.5925,0.45516304347826086,0.75,agreement
184,top_p_set_jaccard,0.4041229773568962,0.30412376274368036,0.48217828828793563,agreement
185,top_answer_majority,0.592572972972973,0.4540540540540541,0.7513513513513513,agreement
185,top_p_set_jaccard,0.40423348793908825,0.30400599286468766,0.48296996359493904,agreement
186,top_answer_majority,0.5925,0.45564516129032256,0.7473118279569892,agreement
186,top_p_set_jaccard,0.4041450986908203,0.30335786876109916,0.48276752296911907,agreement
187,top_answer_majority,0.5926042780748664,0.45454545454545453,0.7486631016042781,agreement
187,top_p_set_jaccard,0.40412666325309976,0.3042061405266393,0.48285929702780667,agreement
188,top_answer_majority,0.5926223404255319,0.45611702127659576,0.75,agreement
188,top_p_set_jaccard,0.4041248939406794,0.30387915665357623,0.4815745229426517,agreement
189,top_answer_majority,0.5927037037037037,0.455026455026455,0.7513227513227513,agreement
189,top_p_set_jaccard,0.40423968323896653,0.30449368751535233,0.4826764185992479,agreement
190,top_answer_majority,0.592621052631579,0.45789473684210524,0.7473684210526316,agreement
190,top_p_set_jaccard,0.4042009266025196,0.3037823660682767,0.4824179330601557,agreement
191,top_answer_majority,0.5926544502617801,0.45549738219895286,0.7486910994764397,agreement
191,top_p_set_jaccard,0.4042013490248985,0.3040671104025265,0.4820548020806466,agreement
192,top_answer_majority,0.592671875,0.45703125,0.75,agreement
192,top_p_set_jaccard,0.40417361711146965,0.30395497176011205,0.4825776748490128,agreement
193,top_answer_majority,0.5926787564766839,0.45595854922279794,0.7512953367875648,agreement
193,top_p_set_jaccard,0.4041741021243572,0.3043930849625225,0.4828710664425606,agreement
194,top_answer_majority,0.5927164948453608,0.4536082474226804,0.7474226804123711,agreement
194,top_p_set_jaccard,0.40416295402751945,0.30433782509058427,0.48236667465740596,agreement
195,top_answer_majority,0.5927538461538462,0.4551282051282051,0.7487179487179487,agreement
195,top_p_set_jaccard,0.40418085037910123,0.30395755113538947,0.48307303139776714,agreement
196,top_answer_majority,0.5926836734693877,0.45408163265306123,0.75,agreement
196,top_p_set_jaccard,0.4041998499368407,0.30406632011223256,0.48293771421321163,agreement
197,top_answer_majority,0.5928071065989847,0.45685279187817257,0.751269035532995,agreement
197,top_p_set_jaccard,0.4038211059644868,0.3046264879037074,0.48279046295853034,agreement
198,top_answer_majority,0.5928484848484848,0.45454545454545453,0.7474747474747475,agreement
198,top_p_set_jaccard,0.4040038218804306,0.30479818326686897,0.4812697034495308,agreement
199,top_answer_majority,0.5930452261306534,0.457286432160804,0.7487437185929648,agreement
199,top_p_set_jaccard,0.4043728703843397,0.304819810495905,0.4824284662852396,agreement
200,top_answer_majority,0.59273,0.455,0.75,agreement
200,top_p_set_jaccard,0.40426899971029784,0.30412314367653176,0.4833100254714541,agreement
