comparison,metric,n_questions,difference,ci_low,ci_high
quadratic_minus_residual_log,list_size,1000,-0.067,-0.114025,-0.017975000000000137
quadratic_minus_residual_log,idk_mass,1000,0.004059999999999999,-0.006641750000000001,0.014042499999999987
quadratic_minus_residual_log,top_concrete_probability,917,0.01984732824427481,0.008669574700109053,0.03015539803707741
quadratic_minus_residual_log,truth_in_list,1000,-0.01,-0.026,0.007
quadratic_minus_residual_log,coverage,1000,-0.008,-0.026,0.009
quadratic_minus_residual_log,coverage_or_idk,1000,-0.012,-0.025,0.002
quadratic_minus_residual_log,incorrect,1000,0.012,-0.002,0.026
brier_minus_residual_log,list_size,1000,-0.162,-0.207,-0.11997500000000014
brier_minus_residual_log,idk_mass,1000,-0.0123,-0.02222,-0.0031697500000000024
brier_minus_residual_log,top_concrete_probability,921,0.061569550006032085,0.05054756303534805,0.07209554831704668
brier_minus_residual_log,truth_in_list,1000,-0.01,-0.026,0.006
brier_minus_residual_log,coverage,1000,-0.007,-0.024,0.009
brier_minus_residual_log,coverage_or_idk,1000,-0.039,-0.056025,-0.022
brier_minus_residual_log,incorrect,1000,0.039,0.022,0.056
linear_minus_residual_log,list_size,1000,0.014,-0.032,0.06
linear_minus_residual_log,idk_mass,1000,-0.032490000000000005,-0.041890250000000004,-0.023068750000000006
linear_minus_residual_log,top_concrete_probability,928,0.041540948275862064,0.031299838362068955,0.05096982758620689
linear_minus_residual_log,truth_in_list,1000,-0.004,-0.022,0.014
linear_minus_residual_log,coverage,1000,-0.005,-0.022,0.013
linear_minus_residual_log,coverage_or_idk,1000,-0.048,-0.065,-0.031
linear_minus_residual_log,incorrect,1000,0.048,0.031975,0.065
no_rule_minus_residual_log,list_size,1000,-0.052,-0.1,-0.007
no_rule_minus_residual_log,idk_mass,1000,-0.08136,-0.09135000000000001,-0.071289
no_rule_minus_residual_log,top_concrete_probability,936,0.11319444444444443,0.10261618589743587,0.1232932692307692
no_rule_minus_residual_log,truth_in_list,1000,-0.003,-0.02,0.014
no_rule_minus_residual_log,coverage,1000,-0.002,-0.019,0.015
no_rule_minus_residual_log,coverage_or_idk,1000,-0.078,-0.098,-0.058
no_rule_minus_residual_log,incorrect,1000,0.078,0.057,0.097
brier_minus_quadratic,list_size,1000,-0.095,-0.137025,-0.05
brier_minus_quadratic,idk_mass,1000,-0.016360000000000003,-0.026852,-0.005559250000000007
brier_minus_quadratic,top_concrete_probability,910,0.0394017094017094,0.028518467643467642,0.05039499389499387
brier_minus_quadratic,truth_in_list,1000,0.0,-0.017025,0.017
brier_minus_quadratic,coverage,1000,0.001,-0.017,0.019
brier_minus_quadratic,coverage_or_idk,1000,-0.027,-0.043,-0.011
brier_minus_quadratic,incorrect,1000,0.027,0.011,0.044
