model_key,alpha,n_splits,n_supported,supported_fraction,threshold_median,threshold_q25,threshold_q75,answer_rate_median,answer_rate_q25,answer_rate_q75,observed_error_median,observed_error_q25,observed_error_q75
deepseekv32maas,0.1,100,0,0.0,,,,,,,,,
deepseekv32maas,0.14285714285714285,100,0,0.0,,,,,,,,,
deepseekv32maas,0.2,100,0,0.0,,,,,,,,,
deepseekv32maas,0.25,100,0,0.0,,,,,,,,,
gemini35flash,0.1,100,0,0.0,,,,,,,,,
gemini35flash,0.14285714285714285,100,0,0.0,,,,,,,,,
gemini35flash,0.2,100,1,0.01,0.91,0.91,0.91,0.14609338881183542,0.14609338881183542,0.14609338881183542,0.19936708860759494,0.19936708860759494,0.19936708860759494
gemini35flash,0.25,100,67,0.67,0.8571428571428571,0.8571428571428571,0.91,0.17198335644937587,0.15695792880258902,0.1798428109107721,0.18575063613231552,0.1671601131715179,0.19292803970223327
sonnet46,0.1,100,0,0.0,,,,,,,,,
sonnet46,0.14285714285714285,100,0,0.0,,,,,,,,,
sonnet46,0.2,100,0,0.0,,,,,,,,,
sonnet46,0.25,100,2,0.02,0.8571428571428571,0.8571428571428571,0.8571428571428571,0.03791030975496995,0.0358298659269533,0.03999075358298659,0.2221887701339756,0.2099954839680867,0.2343820562998645
