threshold,n_calibration,k_calibration,risk_upper,model_key
0.0,2117,932,0.47620898458799793,gemini35flash
0.01,2117,932,0.47620898458799793,gemini35flash
0.02,2117,932,0.47620898458799793,gemini35flash
0.03,2117,932,0.47620898458799793,gemini35flash
0.04,2117,932,0.47620898458799793,gemini35flash
0.05,2117,932,0.47620898458799793,gemini35flash
0.06,2114,929,0.4754363770705226,gemini35flash
0.07,2114,929,0.4754363770705226,gemini35flash
0.08,2114,929,0.4754363770705226,gemini35flash
0.09,2114,929,0.4754363770705226,gemini35flash
0.1,2114,929,0.4754363770705226,gemini35flash
0.11,2112,927,0.47492002371049696,gemini35flash
0.12,2112,927,0.47492002371049696,gemini35flash
0.13,2112,927,0.47492002371049696,gemini35flash
0.14,2112,927,0.47492002371049696,gemini35flash
0.15,2112,927,0.47492002371049696,gemini35flash
0.16,2100,916,0.4722790553080858,gemini35flash
0.17,2100,916,0.4722790553080858,gemini35flash
0.18,2100,916,0.4722790553080858,gemini35flash
0.19,2100,916,0.4722790553080858,gemini35flash
0.2,2100,916,0.4722790553080858,gemini35flash
0.21,2087,903,0.4688598669586767,gemini35flash
0.22,2087,903,0.4688598669586767,gemini35flash
0.23,2087,903,0.4688598669586767,gemini35flash
0.24,2087,903,0.4688598669586767,gemini35flash
0.25,2087,903,0.4688598669586767,gemini35flash
0.26,2071,888,0.4650757062052105,gemini35flash
0.27,2071,888,0.4650757062052105,gemini35flash
0.28,2071,888,0.4650757062052105,gemini35flash
0.29,2071,888,0.4650757062052105,gemini35flash
0.3,2071,888,0.4650757062052105,gemini35flash
0.31,2011,835,0.45195168732983515,gemini35flash
0.32,2011,835,0.45195168732983515,gemini35flash
0.33,2011,835,0.45195168732983515,gemini35flash
0.34,2011,835,0.45195168732983515,gemini35flash
0.35,2011,835,0.45195168732983515,gemini35flash
0.36,1993,820,0.44830858051633604,gemini35flash
0.37,1993,820,0.44830858051633604,gemini35flash
0.38,1993,820,0.44830858051633604,gemini35flash
0.39,1993,820,0.44830858051633604,gemini35flash
0.4,1993,820,0.44830858051633604,gemini35flash
0.41,1341,415,0.3524529253069888,gemini35flash
0.42,1341,415,0.3524529253069888,gemini35flash
0.43,1341,415,0.3524529253069888,gemini35flash
0.44,1341,415,0.3524529253069888,gemini35flash
0.45,1341,415,0.3524529253069888,gemini35flash
0.46,1308,396,0.3460728900809071,gemini35flash
0.47,1308,396,0.3460728900809071,gemini35flash
0.48,1308,396,0.3460728900809071,gemini35flash
0.49,1308,396,0.3460728900809071,gemini35flash
0.5,1308,396,0.3460728900809071,gemini35flash
0.51,1303,395,0.3465658861869428,gemini35flash
0.52,1303,395,0.3465658861869428,gemini35flash
0.53,1303,395,0.3465658861869428,gemini35flash
0.54,1303,395,0.3465658861869428,gemini35flash
0.55,1303,395,0.3465658861869428,gemini35flash
0.56,1303,395,0.3465658861869428,gemini35flash
0.57,1303,395,0.3465658861869428,gemini35flash
0.58,1303,395,0.3465658861869428,gemini35flash
0.59,1303,395,0.3465658861869428,gemini35flash
0.6,1303,395,0.3465658861869428,gemini35flash
0.61,1162,342,0.34006831601069026,gemini35flash
0.62,1162,342,0.34006831601069026,gemini35flash
0.63,1162,342,0.34006831601069026,gemini35flash
0.64,1162,342,0.34006831601069026,gemini35flash
0.65,1162,342,0.34006831601069026,gemini35flash
0.66,1158,341,0.34030873052310895,gemini35flash
0.67,1158,341,0.34030873052310895,gemini35flash
0.68,1158,341,0.34030873052310895,gemini35flash
0.69,1158,341,0.34030873052310895,gemini35flash
0.7,1158,341,0.34030873052310895,gemini35flash
0.71,1111,323,0.3374159731026649,gemini35flash
0.72,1111,323,0.3374159731026649,gemini35flash
0.73,1111,323,0.3374159731026649,gemini35flash
0.74,1111,323,0.3374159731026649,gemini35flash
0.75,1111,323,0.3374159731026649,gemini35flash
0.76,1082,316,0.33943392403933664,gemini35flash
0.77,1082,316,0.33943392403933664,gemini35flash
0.78,1082,316,0.33943392403933664,gemini35flash
0.79,1082,316,0.33943392403933664,gemini35flash
0.8,1082,316,0.33943392403933664,gemini35flash
0.81,606,140,0.2914621142950717,gemini35flash
0.82,606,140,0.2914621142950717,gemini35flash
0.83,606,140,0.2914621142950717,gemini35flash
0.84,606,140,0.2914621142950717,gemini35flash
0.85,606,140,0.2914621142950717,gemini35flash
0.8571428571428571,386,77,0.2734181553511583,gemini35flash
0.86,386,77,0.2734181553511583,gemini35flash
0.87,386,77,0.2734181553511583,gemini35flash
0.88,386,77,0.2734181553511583,gemini35flash
0.89,386,77,0.2734181553511583,gemini35flash
0.9,386,77,0.2734181553511583,gemini35flash
0.91,327,56,0.2487828812727762,gemini35flash
0.92,327,56,0.2487828812727762,gemini35flash
0.93,327,56,0.2487828812727762,gemini35flash
0.94,327,56,0.2487828812727762,gemini35flash
0.95,327,56,0.2487828812727762,gemini35flash
0.96,10,0,0.5333008786354092,gemini35flash
0.97,10,0,0.5333008786354092,gemini35flash
0.98,10,0,0.5333008786354092,gemini35flash
0.99,0,0,1.0,gemini35flash
1.0,0,0,1.0,gemini35flash
0.0,2157,1479,0.7181537870777874,sonnet46
0.01,2157,1479,0.7181537870777874,sonnet46
0.02,2157,1479,0.7181537870777874,sonnet46
0.03,2155,1477,0.7178861872483635,sonnet46
0.04,2138,1460,0.7155908554833679,sonnet46
0.05,2129,1451,0.7143604562658443,sonnet46
0.06,2050,1373,0.7035573635437116,sonnet46
0.07,2049,1372,0.7034091415677254,sonnet46
0.08,2049,1372,0.7034091415677254,sonnet46
0.09,1982,1309,0.6950881552813961,sonnet46
0.1,1982,1309,0.6950881552813961,sonnet46
0.11,1880,1212,0.6806863080416725,sonnet46
0.12,1880,1212,0.6806863080416725,sonnet46
0.13,1849,1183,0.6762383503330343,sonnet46
0.14,1849,1183,0.6762383503330343,sonnet46
0.15,1849,1183,0.6762383503330343,sonnet46
0.16,1679,1025,0.649434624444188,sonnet46
0.17,1679,1025,0.649434624444188,sonnet46
0.18,1679,1025,0.649434624444188,sonnet46
0.19,1672,1018,0.647921499593546,sonnet46
0.2,1672,1018,0.647921499593546,sonnet46
0.21,1499,864,0.6183114695859371,sonnet46
0.22,1499,864,0.6183114695859371,sonnet46
0.23,1497,862,0.6177836487689141,sonnet46
0.24,1497,862,0.6177836487689141,sonnet46
0.25,1497,862,0.6177836487689141,sonnet46
0.26,1290,685,0.576901506097975,sonnet46
0.27,1290,685,0.576901506097975,sonnet46
0.28,1290,685,0.576901506097975,sonnet46
0.29,1290,685,0.576901506097975,sonnet46
0.3,1290,685,0.576901506097975,sonnet46
0.31,1185,600,0.5544593068498281,sonnet46
0.32,1185,600,0.5544593068498281,sonnet46
0.33,1185,600,0.5544593068498281,sonnet46
0.34,1185,600,0.5544593068498281,sonnet46
0.35,1185,600,0.5544593068498281,sonnet46
0.36,940,424,0.5053176274170004,sonnet46
0.37,940,424,0.5053176274170004,sonnet46
0.38,940,424,0.5053176274170004,sonnet46
0.39,940,424,0.5053176274170004,sonnet46
0.4,940,424,0.5053176274170004,sonnet46
0.41,875,379,0.4893231279150113,sonnet46
0.42,875,379,0.4893231279150113,sonnet46
0.43,875,379,0.4893231279150113,sonnet46
0.44,875,379,0.4893231279150113,sonnet46
0.45,875,379,0.4893231279150113,sonnet46
0.46,707,282,0.46111558199500025,sonnet46
0.47,707,282,0.46111558199500025,sonnet46
0.48,707,282,0.46111558199500025,sonnet46
0.49,707,282,0.46111558199500025,sonnet46
0.5,707,282,0.46111558199500025,sonnet46
0.51,681,266,0.4539212531375843,sonnet46
0.52,681,266,0.4539212531375843,sonnet46
0.53,680,265,0.4530574881338495,sonnet46
0.54,680,265,0.4530574881338495,sonnet46
0.55,680,265,0.4530574881338495,sonnet46
0.56,510,166,0.39710000902551584,sonnet46
0.57,510,166,0.39710000902551584,sonnet46
0.58,510,166,0.39710000902551584,sonnet46
0.59,510,166,0.39710000902551584,sonnet46
0.6,510,166,0.39710000902551584,sonnet46
0.61,446,135,0.37846173315185283,sonnet46
0.62,446,135,0.37846173315185283,sonnet46
0.63,446,135,0.37846173315185283,sonnet46
0.64,446,135,0.37846173315185283,sonnet46
0.65,446,135,0.37846173315185283,sonnet46
0.66,424,125,0.37221465603730686,sonnet46
0.67,424,125,0.37221465603730686,sonnet46
0.68,424,125,0.37221465603730686,sonnet46
0.69,424,125,0.37221465603730686,sonnet46
0.7,424,125,0.37221465603730686,sonnet46
0.71,398,115,0.3686431630412857,sonnet46
0.72,398,115,0.3686431630412857,sonnet46
0.73,353,101,0.37085718935175954,sonnet46
0.74,353,101,0.37085718935175954,sonnet46
0.75,353,101,0.37085718935175954,sonnet46
0.76,219,46,0.3122584022312236,sonnet46
0.77,219,46,0.3122584022312236,sonnet46
0.78,219,46,0.3122584022312236,sonnet46
0.79,218,46,0.3135936525178324,sonnet46
0.8,218,46,0.3135936525178324,sonnet46
0.81,198,39,0.30336268946193334,sonnet46
0.82,198,39,0.30336268946193334,sonnet46
0.83,174,36,0.32256498439655806,sonnet46
0.84,174,36,0.32256498439655806,sonnet46
0.85,174,36,0.32256498439655806,sonnet46
0.8571428571428571,84,11,0.28969114100537563,sonnet46
0.86,84,11,0.28969114100537563,sonnet46
0.87,84,11,0.28969114100537563,sonnet46
0.88,84,11,0.28969114100537563,sonnet46
0.89,46,3,0.2695214682111513,sonnet46
0.9,46,3,0.2695214682111513,sonnet46
0.91,24,1,0.3474198740455119,sonnet46
0.92,22,0,0.2927674101341431,sonnet46
0.93,7,0,0.6633367664565435,sonnet46
0.94,4,0,0.8512035882875453,sonnet46
0.95,4,0,0.8512035882875453,sonnet46
0.96,3,0,0.9211521339180854,sonnet46
0.97,3,0,0.9211521339180854,sonnet46
0.98,0,0,1.0,sonnet46
0.99,0,0,1.0,sonnet46
1.0,0,0,1.0,sonnet46
0.0,2128,1746,0.8469665385582078,deepseekv32maas
0.01,2128,1746,0.8469665385582078,deepseekv32maas
0.02,2100,1718,0.8448936171155416,deepseekv32maas
0.03,1855,1478,0.82656891584266,deepseekv32maas
0.04,1701,1330,0.8138757279714504,deepseekv32maas
0.05,1692,1321,0.8128659640715501,deepseekv32maas
0.06,1555,1188,0.7984457943997071,deepseekv32maas
0.07,1555,1188,0.7984457943997071,deepseekv32maas
0.08,1555,1188,0.7984457943997071,deepseekv32maas
0.09,1555,1188,0.7984457943997071,deepseekv32maas
0.1,1555,1188,0.7984457943997071,deepseekv32maas
0.11,1545,1180,0.7983337184824988,deepseekv32maas
0.12,1545,1180,0.7983337184824988,deepseekv32maas
0.13,1545,1180,0.7983337184824988,deepseekv32maas
0.14,1545,1180,0.7983337184824988,deepseekv32maas
0.15,1545,1180,0.7983337184824988,deepseekv32maas
0.16,1543,1178,0.7980665886595587,deepseekv32maas
0.17,1543,1178,0.7980665886595587,deepseekv32maas
0.18,1543,1178,0.7980665886595587,deepseekv32maas
0.19,1543,1178,0.7980665886595587,deepseekv32maas
0.2,1543,1178,0.7980665886595587,deepseekv32maas
0.21,1521,1157,0.7957010795066901,deepseekv32maas
0.22,1521,1157,0.7957010795066901,deepseekv32maas
0.23,1521,1157,0.7957010795066901,deepseekv32maas
0.24,1521,1157,0.7957010795066901,deepseekv32maas
0.25,1521,1157,0.7957010795066901,deepseekv32maas
0.26,1510,1148,0.7954291970954643,deepseekv32maas
0.27,1510,1148,0.7954291970954643,deepseekv32maas
0.28,1510,1148,0.7954291970954643,deepseekv32maas
0.29,1510,1148,0.7954291970954643,deepseekv32maas
0.3,1510,1148,0.7954291970954643,deepseekv32maas
0.31,1233,909,0.7773857593189832,deepseekv32maas
0.32,1233,909,0.7773857593189832,deepseekv32maas
0.33,1233,909,0.7773857593189832,deepseekv32maas
0.34,1233,909,0.7773857593189832,deepseekv32maas
0.35,1233,909,0.7773857593189832,deepseekv32maas
0.36,1177,864,0.7753249406546815,deepseekv32maas
0.37,1177,864,0.7753249406546815,deepseekv32maas
0.38,1177,864,0.7753249406546815,deepseekv32maas
0.39,1177,864,0.7753249406546815,deepseekv32maas
0.4,1177,864,0.7753249406546815,deepseekv32maas
0.41,725,500,0.7447527139580778,deepseekv32maas
0.42,725,500,0.7447527139580778,deepseekv32maas
0.43,725,500,0.7447527139580778,deepseekv32maas
0.44,725,500,0.7447527139580778,deepseekv32maas
0.45,725,500,0.7447527139580778,deepseekv32maas
0.46,676,462,0.7408109526146995,deepseekv32maas
0.47,676,462,0.7408109526146995,deepseekv32maas
0.48,676,462,0.7408109526146995,deepseekv32maas
0.49,676,462,0.7408109526146995,deepseekv32maas
0.5,676,462,0.7408109526146995,deepseekv32maas
0.51,621,422,0.7395770259789882,deepseekv32maas
0.52,621,422,0.7395770259789882,deepseekv32maas
0.53,621,422,0.7395770259789882,deepseekv32maas
0.54,621,422,0.7395770259789882,deepseekv32maas
0.55,621,422,0.7395770259789882,deepseekv32maas
0.56,620,421,0.739139383750245,deepseekv32maas
0.57,620,421,0.739139383750245,deepseekv32maas
0.58,620,421,0.739139383750245,deepseekv32maas
0.59,620,421,0.739139383750245,deepseekv32maas
0.6,620,421,0.739139383750245,deepseekv32maas
0.61,553,374,0.7400111582337505,deepseekv32maas
0.62,553,374,0.7400111582337505,deepseekv32maas
0.63,553,374,0.7400111582337505,deepseekv32maas
0.64,553,374,0.7400111582337505,deepseekv32maas
0.65,553,374,0.7400111582337505,deepseekv32maas
0.66,535,358,0.7343574446842376,deepseekv32maas
0.67,535,358,0.7343574446842376,deepseekv32maas
0.68,535,358,0.7343574446842376,deepseekv32maas
0.69,535,358,0.7343574446842376,deepseekv32maas
0.7,535,358,0.7343574446842376,deepseekv32maas
0.71,507,335,0.7282141464738837,deepseekv32maas
0.72,507,335,0.7282141464738837,deepseekv32maas
0.73,507,335,0.7282141464738837,deepseekv32maas
0.74,507,335,0.7282141464738837,deepseekv32maas
0.75,507,335,0.7282141464738837,deepseekv32maas
0.76,496,327,0.7275533194100543,deepseekv32maas
0.77,496,327,0.7275533194100543,deepseekv32maas
0.78,496,327,0.7275533194100543,deepseekv32maas
0.79,496,327,0.7275533194100543,deepseekv32maas
0.8,496,327,0.7275533194100543,deepseekv32maas
0.81,463,304,0.7273540404466518,deepseekv32maas
0.82,463,304,0.7273540404466518,deepseekv32maas
0.83,463,304,0.7273540404466518,deepseekv32maas
0.84,463,304,0.7273540404466518,deepseekv32maas
0.85,463,304,0.7273540404466518,deepseekv32maas
0.8571428571428571,34,15,0.7235878593893186,deepseekv32maas
0.86,34,15,0.7235878593893186,deepseekv32maas
0.87,34,15,0.7235878593893186,deepseekv32maas
0.88,34,15,0.7235878593893186,deepseekv32maas
0.89,34,15,0.7235878593893186,deepseekv32maas
0.9,34,15,0.7235878593893186,deepseekv32maas
0.91,16,5,0.7352970790659035,deepseekv32maas
0.92,16,5,0.7352970790659035,deepseekv32maas
0.93,16,5,0.7352970790659035,deepseekv32maas
0.94,16,5,0.7352970790659035,deepseekv32maas
0.95,16,5,0.7352970790659035,deepseekv32maas
0.96,0,0,1.0,deepseekv32maas
0.97,0,0,1.0,deepseekv32maas
0.98,0,0,1.0,deepseekv32maas
0.99,0,0,1.0,deepseekv32maas
1.0,0,0,1.0,deepseekv32maas
