method,seed,grid_size,n_certification,n_development,alpha,supported,threshold,certification_upper,n_cert_answered,k_cert_incorrect,n_test,n_answered,n_incorrect,answer_rate,observed_error,error_lo,error_hi,model_key,representation
fixed_full,20260912,102.0,2163.0,0.0,0.1,False,,,0.0,0.0,2163,0,0,0.0,,,,gemini35flash,raw
fixed_full,20260912,102.0,2163.0,0.0,0.14285714285714285,False,,,0.0,0.0,2163,0,0,0.0,,,,gemini35flash,raw
fixed_full,20260912,102.0,2163.0,0.0,0.2,False,,,0.0,0.0,2163,0,0,0.0,,,,gemini35flash,raw
fixed_full,20260912,102.0,2163.0,0.0,0.25,True,0.91,0.2487828812727762,327.0,56.0,2163,329,51,0.15210355987055016,0.15501519756838905,0.11764870023830194,0.19872882760700913,gemini35flash,raw
fixed_full,20260912,102.0,2163.0,0.0,0.3,True,0.81,0.2914621142950717,606.0,140.0,2163,625,116,0.28895053166897827,0.1856,0.15586436085161912,0.21834041704827523,gemini35flash,raw
fixed_full,20260912,102.0,2163.0,0.0,0.35,True,0.46,0.3460728900809071,1308.0,396.0,2163,1339,384,0.6190476190476191,0.2867811799850635,0.26267364902687607,0.31182815532363617,gemini35flash,raw
fixed_full,20260912,102.0,2163.0,0.0,0.4,True,0.41,0.3524529253069888,1341.0,415.0,2163,1381,411,0.6384650947757744,0.2976104272266474,0.2735864051488797,0.32249864602864453,gemini35flash,raw
isotonic_grid,20260912,10.0,1082.0,1081.0,0.1,False,,,0.0,0.0,2163,0,0,0.0,,,,gemini35flash,raw
isotonic_grid,20260912,10.0,1082.0,1081.0,0.14285714285714285,False,,,0.0,0.0,2163,0,0,0.0,,,,gemini35flash,raw
isotonic_grid,20260912,10.0,1082.0,1081.0,0.2,False,,,0.0,0.0,2163,0,0,0.0,,,,gemini35flash,raw
isotonic_grid,20260912,10.0,1082.0,1081.0,0.25,False,,,0.0,0.0,2163,0,0,0.0,,,,gemini35flash,raw
isotonic_grid,20260912,10.0,1082.0,1081.0,0.3,True,0.9,0.2959318383196155,202.0,43.0,2163,378,61,0.17475728155339806,0.16137566137566137,0.12574480190133336,0.20241136148934158,gemini35flash,raw
isotonic_grid,20260912,10.0,1082.0,1081.0,0.35,True,0.85,0.31393381363286854,313.0,77.0,2163,625,116,0.28895053166897827,0.1856,0.15586436085161912,0.21834041704827523,gemini35flash,raw
isotonic_grid,20260912,10.0,1082.0,1081.0,0.4,True,0.5,0.3675824237181599,679.0,217.0,2163,1339,384,0.6190476190476191,0.2867811799850635,0.26267364902687607,0.31182815532363617,gemini35flash,raw
fixed_half,20260912,102.0,1082.0,0.0,0.1,False,,,0.0,0.0,2163,0,0,0.0,,,,gemini35flash,raw
fixed_half,20260912,102.0,1082.0,0.0,0.14285714285714285,False,,,0.0,0.0,2163,0,0,0.0,,,,gemini35flash,raw
fixed_half,20260912,102.0,1082.0,0.0,0.2,False,,,0.0,0.0,2163,0,0,0.0,,,,gemini35flash,raw
fixed_half,20260912,102.0,1082.0,0.0,0.25,False,,,0.0,0.0,2163,0,0,0.0,,,,gemini35flash,raw
fixed_half,20260912,102.0,1082.0,0.0,0.3,True,0.91,0.28306628299925524,174.0,30.0,2163,329,51,0.15210355987055016,0.15501519756838905,0.11764870023830194,0.19872882760700913,gemini35flash,raw
fixed_half,20260912,102.0,1082.0,0.0,0.35,True,0.81,0.33341920816729276,313.0,77.0,2163,625,116,0.28895053166897827,0.1856,0.15586436085161912,0.21834041704827523,gemini35flash,raw
fixed_half,20260912,102.0,1082.0,0.0,0.4,True,0.41,0.3860563872377988,698.0,227.0,2163,1381,411,0.6384650947757744,0.2976104272266474,0.2735864051488797,0.32249864602864453,gemini35flash,raw
original,20260912,,,,0.1,False,0.9,,,,2163,378,61,0.17475728155339806,0.16137566137566137,0.12574480190133336,0.20241136148934158,gemini35flash,raw
original,20260912,,,,0.14285714285714285,False,0.8571428571428572,,,,2163,378,61,0.17475728155339806,0.16137566137566137,0.12574480190133336,0.20241136148934158,gemini35flash,raw
original,20260912,,,,0.2,False,0.8,,,,2163,1105,315,0.5108645399907535,0.2850678733031674,0.2585990807532484,0.3126862555604322,gemini35flash,raw
original,20260912,,,,0.25,False,0.75,,,,2163,1141,328,0.5275080906148867,0.287467134092901,0.26134440351267874,0.3146903636795044,gemini35flash,raw
original,20260912,,,,0.3,False,0.7,,,,2163,1182,333,0.5464632454923717,0.2817258883248731,0.2562275349045124,0.3083150459137496,gemini35flash,raw
original,20260912,,,,0.35,False,0.65,,,,2163,1185,335,0.5478502080443828,0.28270042194092826,0.2572049061211774,0.30927907333846427,gemini35flash,raw
original,20260912,,,,0.4,False,0.6,,,,2163,1334,382,0.6167360147942672,0.2863568215892054,0.26221609711668536,0.31144242759124824,gemini35flash,raw
fixed_full,20260912,102.0,2163.0,0.0,0.1,False,,,0.0,0.0,2163,0,0,0.0,,,,gemini35flash,processed
fixed_full,20260912,102.0,2163.0,0.0,0.14285714285714285,False,,,0.0,0.0,2163,0,0,0.0,,,,gemini35flash,processed
fixed_full,20260912,102.0,2163.0,0.0,0.2,False,,,0.0,0.0,2163,0,0,0.0,,,,gemini35flash,processed
fixed_full,20260912,102.0,2163.0,0.0,0.25,True,0.8571428571428571,0.2404633140151503,456.0,80.0,2163,462,62,0.21359223300970873,0.1341991341991342,0.1044605616990017,0.16871317907496663,gemini35flash,processed
fixed_full,20260912,102.0,2163.0,0.0,0.3,True,0.81,0.26784897459636525,670.0,142.0,2163,699,117,0.3231622746185853,0.16738197424892703,0.14044304919526096,0.1971625399760088,gemini35flash,processed
fixed_full,20260912,102.0,2163.0,0.0,0.35,True,0.41,0.3400594891115554,1404.0,419.0,2163,1440,413,0.665742024965326,0.28680555555555554,0.2635532141817631,0.31093080124628836,gemini35flash,processed
fixed_full,20260912,102.0,2163.0,0.0,0.4,True,0.41,0.3400594891115554,1404.0,419.0,2163,1440,413,0.665742024965326,0.28680555555555554,0.2635532141817631,0.31093080124628836,gemini35flash,processed
isotonic_grid,20260912,10.0,1082.0,1081.0,0.1,False,,,0.0,0.0,2163,0,0,0.0,,,,gemini35flash,processed
isotonic_grid,20260912,10.0,1082.0,1081.0,0.14285714285714285,False,,,0.0,0.0,2163,0,0,0.0,,,,gemini35flash,processed
isotonic_grid,20260912,10.0,1082.0,1081.0,0.2,False,,,0.0,0.0,2163,0,0,0.0,,,,gemini35flash,processed
isotonic_grid,20260912,10.0,1082.0,1081.0,0.25,False,,,0.0,0.0,2163,0,0,0.0,,,,gemini35flash,processed
isotonic_grid,20260912,10.0,1082.0,1081.0,0.3,True,0.85,0.2890563819453785,349.0,79.0,2163,699,117,0.3231622746185853,0.16738197424892703,0.14044304919526096,0.1971625399760088,gemini35flash,processed
isotonic_grid,20260912,10.0,1082.0,1081.0,0.35,True,0.6000000000000001,0.3409896116914865,630.0,184.0,2163,1267,337,0.5857605177993528,0.265982636148382,0.2418241481701114,0.2912318531635,gemini35flash,processed
isotonic_grid,20260912,10.0,1082.0,1081.0,0.4,True,0.5,0.3574251541846648,705.0,219.0,2163,1403,386,0.6486361534905224,0.2751247327156094,0.251891540658356,0.2993033787590388,gemini35flash,processed
fixed_half,20260912,102.0,1082.0,0.0,0.1,False,,,0.0,0.0,2163,0,0,0.0,,,,gemini35flash,processed
fixed_half,20260912,102.0,1082.0,0.0,0.14285714285714285,False,,,0.0,0.0,2163,0,0,0.0,,,,gemini35flash,processed
fixed_half,20260912,102.0,1082.0,0.0,0.2,False,,,0.0,0.0,2163,0,0,0.0,,,,gemini35flash,processed
fixed_half,20260912,102.0,1082.0,0.0,0.25,False,,,0.0,0.0,2163,0,0,0.0,,,,gemini35flash,processed
fixed_half,20260912,102.0,1082.0,0.0,0.3,True,0.8571428571428571,0.2830105515562502,239.0,45.0,2163,462,62,0.21359223300970873,0.1341991341991342,0.1044605616990017,0.16871317907496663,gemini35flash,processed
fixed_half,20260912,102.0,1082.0,0.0,0.35,True,0.81,0.30713710929389726,349.0,79.0,2163,699,117,0.3231622746185853,0.16738197424892703,0.14044304919526096,0.1971625399760088,gemini35flash,processed
fixed_half,20260912,102.0,1082.0,0.0,0.4,True,0.41,0.376671504606209,722.0,229.0,2163,1440,413,0.665742024965326,0.28680555555555554,0.2635532141817631,0.31093080124628836,gemini35flash,processed
original,20260912,,,,0.1,False,0.9,,,,2163,461,62,0.21312991215903837,0.13449023861171366,0.10469073984728973,0.16907176152038417,gemini35flash,processed
original,20260912,,,,0.14285714285714285,False,0.8571428571428572,,,,2163,462,62,0.21359223300970873,0.1341991341991342,0.1044605616990017,0.16871317907496663,gemini35flash,processed
original,20260912,,,,0.2,False,0.8,,,,2163,1159,315,0.5358298659269533,0.271786022433132,0.24634810394373924,0.29838753886405445,gemini35flash,processed
original,20260912,,,,0.25,False,0.75,,,,2163,1202,328,0.555709662505779,0.27287853577371046,0.24786182923861091,0.2990114312042763,gemini35flash,processed
original,20260912,,,,0.3,False,0.7,,,,2163,1253,335,0.5792880258899676,0.2673583399840383,0.24302303519316734,0.29279015201771214,gemini35flash,processed
original,20260912,,,,0.35,False,0.65,,,,2163,1261,337,0.5829865926953306,0.26724821570182394,0.24299303526186314,0.29259340177084736,gemini35flash,processed
original,20260912,,,,0.4,False,0.6,,,,2163,1387,384,0.6412390198797966,0.2768565248738284,0.25344136184854077,0.3012207423261137,gemini35flash,processed
fixed_full,20260912,102.0,2163.0,0.0,0.1,False,,,0.0,0.0,2163,0,0,0.0,,,,sonnet46,raw
fixed_full,20260912,102.0,2163.0,0.0,0.14285714285714285,False,,,0.0,0.0,2163,0,0,0.0,,,,sonnet46,raw
fixed_full,20260912,102.0,2163.0,0.0,0.2,False,,,0.0,0.0,2163,0,0,0.0,,,,sonnet46,raw
fixed_full,20260912,102.0,2163.0,0.0,0.25,False,,,0.0,0.0,2163,0,0,0.0,,,,sonnet46,raw
fixed_full,20260912,102.0,2163.0,0.0,0.3,True,0.8571428571428571,0.28969114100537563,84.0,11.0,2163,85,14,0.039297272306981046,0.16470588235294117,0.09307652127195809,0.26088108992065623,sonnet46,raw
fixed_full,20260912,102.0,2163.0,0.0,0.35,True,0.76,0.3122584022312236,219.0,46.0,2163,234,50,0.10818307905686546,0.21367521367521367,0.1629506793734499,0.2718091730776344,sonnet46,raw
fixed_full,20260912,102.0,2163.0,0.0,0.4,True,0.56,0.39710000902551584,510.0,166.0,2163,516,165,0.23855755894590847,0.31976744186046513,0.2796894453919215,0.361925194308645,sonnet46,raw
isotonic_grid,20260912,17.0,1082.0,1081.0,0.1,False,,,0.0,0.0,2163,0,0,0.0,,,,sonnet46,raw
isotonic_grid,20260912,17.0,1082.0,1081.0,0.14285714285714285,False,,,0.0,0.0,2163,0,0,0.0,,,,sonnet46,raw
isotonic_grid,20260912,17.0,1082.0,1081.0,0.2,False,,,0.0,0.0,2163,0,0,0.0,,,,sonnet46,raw
isotonic_grid,20260912,17.0,1082.0,1081.0,0.25,False,,,0.0,0.0,2163,0,0,0.0,,,,sonnet46,raw
isotonic_grid,20260912,17.0,1082.0,1081.0,0.3,False,,,0.0,0.0,2163,0,0,0.0,,,,sonnet46,raw
isotonic_grid,20260912,17.0,1082.0,1081.0,0.35,True,0.82,0.32991016977969967,100.0,20.0,2163,215,44,0.09939898289412853,0.20465116279069767,0.152813834299796,0.2648263326614895,sonnet46,raw
isotonic_grid,20260912,17.0,1082.0,1081.0,0.4,True,0.82,0.32991016977969967,100.0,20.0,2163,215,44,0.09939898289412853,0.20465116279069767,0.152813834299796,0.2648263326614895,sonnet46,raw
fixed_half,20260912,102.0,1082.0,0.0,0.1,False,,,0.0,0.0,2163,0,0,0.0,,,,sonnet46,raw
fixed_half,20260912,102.0,1082.0,0.0,0.14285714285714285,False,,,0.0,0.0,2163,0,0,0.0,,,,sonnet46,raw
fixed_half,20260912,102.0,1082.0,0.0,0.2,False,,,0.0,0.0,2163,0,0,0.0,,,,sonnet46,raw
fixed_half,20260912,102.0,1082.0,0.0,0.25,False,,,0.0,0.0,2163,0,0,0.0,,,,sonnet46,raw
fixed_half,20260912,102.0,1082.0,0.0,0.3,False,,,0.0,0.0,2163,0,0,0.0,,,,sonnet46,raw
fixed_half,20260912,102.0,1082.0,0.0,0.35,False,,,0.0,0.0,2163,0,0,0.0,,,,sonnet46,raw
fixed_half,20260912,102.0,1082.0,0.0,0.4,True,0.76,0.36183171037755957,109.0,23.0,2163,234,50,0.10818307905686546,0.21367521367521367,0.1629506793734499,0.2718091730776344,sonnet46,raw
original,20260912,,,,0.1,False,0.9,,,,2163,48,10,0.022191400832177532,0.20833333333333334,0.10469068303290592,0.34991024025732675,sonnet46,raw
original,20260912,,,,0.14285714285714285,False,0.8571428571428572,,,,2163,85,14,0.039297272306981046,0.16470588235294117,0.09307652127195809,0.26088108992065623,sonnet46,raw
original,20260912,,,,0.2,False,0.8,,,,2163,234,50,0.10818307905686546,0.21367521367521367,0.1629506793734499,0.2718091730776344,sonnet46,raw
original,20260912,,,,0.25,False,0.75,,,,2163,341,88,0.15765141007859454,0.25806451612903225,0.21243430307328742,0.3079523200170344,sonnet46,raw
original,20260912,,,,0.3,False,0.7,,,,2163,418,119,0.19325011558021266,0.284688995215311,0.24188960281442234,0.33056701816143097,sonnet46,raw
original,20260912,,,,0.35,False,0.65,,,,2163,436,129,0.20157189089227925,0.2958715596330275,0.2533929397881294,0.3411457636115292,sonnet46,raw
original,20260912,,,,0.4,False,0.6,,,,2163,516,165,0.23855755894590847,0.31976744186046513,0.2796894453919215,0.361925194308645,sonnet46,raw
fixed_full,20260912,102.0,2163.0,0.0,0.1,False,,,0.0,0.0,2163,0,0,0.0,,,,sonnet46,processed
fixed_full,20260912,102.0,2163.0,0.0,0.14285714285714285,False,,,0.0,0.0,2163,0,0,0.0,,,,sonnet46,processed
fixed_full,20260912,102.0,2163.0,0.0,0.2,False,,,0.0,0.0,2163,0,0,0.0,,,,sonnet46,processed
fixed_full,20260912,102.0,2163.0,0.0,0.25,True,0.89,0.22611206440573275,56.0,3.0,2163,62,10,0.028663892741562644,0.16129032258064516,0.08015306491677696,0.2766798458349219,sonnet46,processed
fixed_full,20260912,102.0,2163.0,0.0,0.3,True,0.76,0.29117202513254525,236.0,46.0,2163,245,50,0.11326860841423948,0.20408163265306123,0.15543260325648808,0.26004442683678525,sonnet46,processed
fixed_full,20260912,102.0,2163.0,0.0,0.35,True,0.76,0.29117202513254525,236.0,46.0,2163,245,50,0.11326860841423948,0.20408163265306123,0.15543260325648808,0.26004442683678525,sonnet46,processed
fixed_full,20260912,102.0,2163.0,0.0,0.4,True,0.56,0.38496933771428915,527.0,166.0,2163,527,165,0.2436430883032825,0.31309297912713474,0.27369419819399204,0.35460333083708073,sonnet46,processed
isotonic_grid,20260912,16.0,1082.0,1081.0,0.1,False,,,0.0,0.0,2163,0,0,0.0,,,,sonnet46,processed
isotonic_grid,20260912,16.0,1082.0,1081.0,0.14285714285714285,False,,,0.0,0.0,2163,0,0,0.0,,,,sonnet46,processed
isotonic_grid,20260912,16.0,1082.0,1081.0,0.2,False,,,0.0,0.0,2163,0,0,0.0,,,,sonnet46,processed
isotonic_grid,20260912,16.0,1082.0,1081.0,0.25,False,,,0.0,0.0,2163,0,0,0.0,,,,sonnet46,processed
isotonic_grid,20260912,16.0,1082.0,1081.0,0.3,False,,,0.0,0.0,2163,0,0,0.0,,,,sonnet46,processed
isotonic_grid,20260912,16.0,1082.0,1081.0,0.35,True,0.7799999999999999,0.31658804870107904,116.0,23.0,2163,245,50,0.11326860841423948,0.20408163265306123,0.15543260325648808,0.26004442683678525,sonnet46,processed
isotonic_grid,20260912,16.0,1082.0,1081.0,0.4,True,0.7799999999999999,0.31658804870107904,116.0,23.0,2163,245,50,0.11326860841423948,0.20408163265306123,0.15543260325648808,0.26004442683678525,sonnet46,processed
fixed_half,20260912,102.0,1082.0,0.0,0.1,False,,,0.0,0.0,2163,0,0,0.0,,,,sonnet46,processed
fixed_half,20260912,102.0,1082.0,0.0,0.14285714285714285,False,,,0.0,0.0,2163,0,0,0.0,,,,sonnet46,processed
fixed_half,20260912,102.0,1082.0,0.0,0.2,False,,,0.0,0.0,2163,0,0,0.0,,,,sonnet46,processed
fixed_half,20260912,102.0,1082.0,0.0,0.25,False,,,0.0,0.0,2163,0,0,0.0,,,,sonnet46,processed
fixed_half,20260912,102.0,1082.0,0.0,0.3,False,,,0.0,0.0,2163,0,0,0.0,,,,sonnet46,processed
fixed_half,20260912,102.0,1082.0,0.0,0.35,True,0.76,0.3420895232985184,116.0,23.0,2163,245,50,0.11326860841423948,0.20408163265306123,0.15543260325648808,0.26004442683678525,sonnet46,processed
fixed_half,20260912,102.0,1082.0,0.0,0.4,True,0.76,0.3420895232985184,116.0,23.0,2163,245,50,0.11326860841423948,0.20408163265306123,0.15543260325648808,0.26004442683678525,sonnet46,processed
original,20260912,,,,0.1,False,0.9,,,,2163,59,10,0.02727693018955155,0.1694915254237288,0.08439015107539112,0.2896884563738571,sonnet46,processed
original,20260912,,,,0.14285714285714285,False,0.8571428571428572,,,,2163,95,14,0.043920480813684694,0.14736842105263157,0.08297541325063436,0.2348822110398104,sonnet46,processed
original,20260912,,,,0.2,False,0.8,,,,2163,245,50,0.11326860841423948,0.20408163265306123,0.15543260325648808,0.26004442683678525,sonnet46,processed
original,20260912,,,,0.25,False,0.75,,,,2163,347,88,0.16042533518261673,0.25360230547550433,0.20865911918429517,0.3028064531170475,sonnet46,processed
original,20260912,,,,0.3,False,0.7,,,,2163,424,119,0.19602404068423485,0.2806603773584906,0.23837299185460506,0.3260394711090118,sonnet46,processed
original,20260912,,,,0.35,False,0.65,,,,2163,446,129,0.2061950993989829,0.289237668161435,0.24755595434601094,0.3337408724340121,sonnet46,processed
original,20260912,,,,0.4,False,0.6,,,,2163,527,165,0.2436430883032825,0.31309297912713474,0.27369419819399204,0.35460333083708073,sonnet46,processed
fixed_full,20260912,102.0,2163.0,0.0,0.1,False,,,0.0,0.0,2163,0,0,0.0,,,,deepseekv32maas,raw
fixed_full,20260912,102.0,2163.0,0.0,0.14285714285714285,False,,,0.0,0.0,2163,0,0,0.0,,,,deepseekv32maas,raw
fixed_full,20260912,102.0,2163.0,0.0,0.2,False,,,0.0,0.0,2163,0,0,0.0,,,,deepseekv32maas,raw
fixed_full,20260912,102.0,2163.0,0.0,0.25,False,,,0.0,0.0,2163,0,0,0.0,,,,deepseekv32maas,raw
fixed_full,20260912,102.0,2163.0,0.0,0.3,False,,,0.0,0.0,2163,0,0,0.0,,,,deepseekv32maas,raw
fixed_full,20260912,102.0,2163.0,0.0,0.35,False,,,0.0,0.0,2163,0,0,0.0,,,,deepseekv32maas,raw
fixed_full,20260912,102.0,2163.0,0.0,0.4,False,,,0.0,0.0,2163,0,0,0.0,,,,deepseekv32maas,raw
isotonic_grid,20260912,9.0,1082.0,1081.0,0.1,False,,,0.0,0.0,2163,0,0,0.0,,,,deepseekv32maas,raw
isotonic_grid,20260912,9.0,1082.0,1081.0,0.14285714285714285,False,,,0.0,0.0,2163,0,0,0.0,,,,deepseekv32maas,raw
isotonic_grid,20260912,9.0,1082.0,1081.0,0.2,False,,,0.0,0.0,2163,0,0,0.0,,,,deepseekv32maas,raw
isotonic_grid,20260912,9.0,1082.0,1081.0,0.25,False,,,0.0,0.0,2163,0,0,0.0,,,,deepseekv32maas,raw
isotonic_grid,20260912,9.0,1082.0,1081.0,0.3,False,,,0.0,0.0,2163,0,0,0.0,,,,deepseekv32maas,raw
isotonic_grid,20260912,9.0,1082.0,1081.0,0.35,False,,,0.0,0.0,2163,0,0,0.0,,,,deepseekv32maas,raw
isotonic_grid,20260912,9.0,1082.0,1081.0,0.4,False,,,0.0,0.0,2163,0,0,0.0,,,,deepseekv32maas,raw
fixed_half,20260912,102.0,1082.0,0.0,0.1,False,,,0.0,0.0,2163,0,0,0.0,,,,deepseekv32maas,raw
fixed_half,20260912,102.0,1082.0,0.0,0.14285714285714285,False,,,0.0,0.0,2163,0,0,0.0,,,,deepseekv32maas,raw
fixed_half,20260912,102.0,1082.0,0.0,0.2,False,,,0.0,0.0,2163,0,0,0.0,,,,deepseekv32maas,raw
fixed_half,20260912,102.0,1082.0,0.0,0.25,False,,,0.0,0.0,2163,0,0,0.0,,,,deepseekv32maas,raw
fixed_half,20260912,102.0,1082.0,0.0,0.3,False,,,0.0,0.0,2163,0,0,0.0,,,,deepseekv32maas,raw
fixed_half,20260912,102.0,1082.0,0.0,0.35,False,,,0.0,0.0,2163,0,0,0.0,,,,deepseekv32maas,raw
fixed_half,20260912,102.0,1082.0,0.0,0.4,False,,,0.0,0.0,2163,0,0,0.0,,,,deepseekv32maas,raw
original,20260912,,,,0.1,False,0.9,,,,2163,35,22,0.016181229773462782,0.6285714285714286,0.4492311641873227,0.785267881885611,deepseekv32maas,raw
original,20260912,,,,0.14285714285714285,False,0.8571428571428572,,,,2163,35,22,0.016181229773462782,0.6285714285714286,0.4492311641873227,0.785267881885611,deepseekv32maas,raw
original,20260912,,,,0.2,False,0.8,,,,2163,543,353,0.2510402219140083,0.6500920810313076,0.6083233246486435,0.6902170837591702,deepseekv32maas,raw
original,20260912,,,,0.25,False,0.75,,,,2163,549,358,0.2538141470180305,0.6520947176684881,0.6106054170460398,0.691936685397291,deepseekv32maas,raw
original,20260912,,,,0.3,False,0.7,,,,2163,573,374,0.26490984743411927,0.6527050610820244,0.6121393258070412,0.6916868950682136,deepseekv32maas,raw
original,20260912,,,,0.35,False,0.65,,,,2163,592,385,0.2736939435968562,0.6503378378378378,0.6104040396766592,0.6887629636381515,deepseekv32maas,raw
original,20260912,,,,0.4,False,0.6,,,,2163,651,428,0.30097087378640774,0.6574500768049155,0.6195769104452167,0.6938877363420328,deepseekv32maas,raw
fixed_full,20260912,102.0,2163.0,0.0,0.1,False,,,0.0,0.0,2163,0,0,0.0,,,,deepseekv32maas,processed
fixed_full,20260912,102.0,2163.0,0.0,0.14285714285714285,False,,,0.0,0.0,2163,0,0,0.0,,,,deepseekv32maas,processed
fixed_full,20260912,102.0,2163.0,0.0,0.2,False,,,0.0,0.0,2163,0,0,0.0,,,,deepseekv32maas,processed
fixed_full,20260912,102.0,2163.0,0.0,0.25,False,,,0.0,0.0,2163,0,0,0.0,,,,deepseekv32maas,processed
fixed_full,20260912,102.0,2163.0,0.0,0.3,False,,,0.0,0.0,2163,0,0,0.0,,,,deepseekv32maas,processed
fixed_full,20260912,102.0,2163.0,0.0,0.35,False,,,0.0,0.0,2163,0,0,0.0,,,,deepseekv32maas,processed
fixed_full,20260912,102.0,2163.0,0.0,0.4,False,,,0.0,0.0,2163,0,0,0.0,,,,deepseekv32maas,processed
isotonic_grid,20260912,8.0,1082.0,1081.0,0.1,False,,,0.0,0.0,2163,0,0,0.0,,,,deepseekv32maas,processed
isotonic_grid,20260912,8.0,1082.0,1081.0,0.14285714285714285,False,,,0.0,0.0,2163,0,0,0.0,,,,deepseekv32maas,processed
isotonic_grid,20260912,8.0,1082.0,1081.0,0.2,False,,,0.0,0.0,2163,0,0,0.0,,,,deepseekv32maas,processed
isotonic_grid,20260912,8.0,1082.0,1081.0,0.25,False,,,0.0,0.0,2163,0,0,0.0,,,,deepseekv32maas,processed
isotonic_grid,20260912,8.0,1082.0,1081.0,0.3,False,,,0.0,0.0,2163,0,0,0.0,,,,deepseekv32maas,processed
isotonic_grid,20260912,8.0,1082.0,1081.0,0.35,False,,,0.0,0.0,2163,0,0,0.0,,,,deepseekv32maas,processed
isotonic_grid,20260912,8.0,1082.0,1081.0,0.4,False,,,0.0,0.0,2163,0,0,0.0,,,,deepseekv32maas,processed
fixed_half,20260912,102.0,1082.0,0.0,0.1,False,,,0.0,0.0,2163,0,0,0.0,,,,deepseekv32maas,processed
fixed_half,20260912,102.0,1082.0,0.0,0.14285714285714285,False,,,0.0,0.0,2163,0,0,0.0,,,,deepseekv32maas,processed
fixed_half,20260912,102.0,1082.0,0.0,0.2,False,,,0.0,0.0,2163,0,0,0.0,,,,deepseekv32maas,processed
fixed_half,20260912,102.0,1082.0,0.0,0.25,False,,,0.0,0.0,2163,0,0,0.0,,,,deepseekv32maas,processed
fixed_half,20260912,102.0,1082.0,0.0,0.3,False,,,0.0,0.0,2163,0,0,0.0,,,,deepseekv32maas,processed
fixed_half,20260912,102.0,1082.0,0.0,0.35,False,,,0.0,0.0,2163,0,0,0.0,,,,deepseekv32maas,processed
fixed_half,20260912,102.0,1082.0,0.0,0.4,False,,,0.0,0.0,2163,0,0,0.0,,,,deepseekv32maas,processed
original,20260912,,,,0.1,False,0.9,,,,2163,44,22,0.02034211742949607,0.5,0.3456115734972565,0.6543884265027435,deepseekv32maas,processed
original,20260912,,,,0.14285714285714285,False,0.8571428571428572,,,,2163,46,22,0.0212667591308368,0.4782608695652174,0.3288786869273401,0.6305435264300165,deepseekv32maas,processed
original,20260912,,,,0.2,False,0.8,,,,2163,557,354,0.2575127138233934,0.6355475763016158,0.5940462019024643,0.6756025933594885,deepseekv32maas,processed
original,20260912,,,,0.25,False,0.75,,,,2163,565,359,0.26121128062875637,0.6353982300884956,0.5941993415328162,0.6751730476886111,deepseekv32maas,processed
original,20260912,,,,0.3,False,0.7,,,,2163,589,375,0.27230698104484513,0.6366723259762309,0.5963730718303568,0.6755933031111514,deepseekv32maas,processed
original,20260912,,,,0.35,False,0.65,,,,2163,609,386,0.2815533980582524,0.6338259441707718,0.5941672285392181,0.6721799544421165,deepseekv32maas,processed
original,20260912,,,,0.4,False,0.6,,,,2163,669,430,0.3092926490984743,0.6427503736920778,0.6051245094829629,0.679110467741094,deepseekv32maas,processed
