seed,method,procedure,alpha,threshold,supported,n_calibration_answered,k_calibration_incorrect,calibration_upper,n_test,n_answered,n_incorrect,answer_rate,observed_error,error_lo,error_hi,model_key
2026091201,raw_u,fixed_sequence,0.1,,False,0,0,,1082,0,0,0.0,,,,gemini35flash
2026091201,raw_u,bonferroni,0.1,,False,0,0,,1082,0,0,0.0,,,,gemini35flash
2026091201,raw_u,fixed_sequence,0.14285714285714285,,False,0,0,,1082,0,0,0.0,,,,gemini35flash
2026091201,raw_u,bonferroni,0.14285714285714285,,False,0,0,,1082,0,0,0.0,,,,gemini35flash
2026091201,raw_u,fixed_sequence,0.2,,False,0,0,,1082,0,0,0.0,,,,gemini35flash
2026091201,raw_u,bonferroni,0.2,,False,0,0,,1082,0,0,0.0,,,,gemini35flash
2026091201,raw_u,fixed_sequence,0.25,0.81,True,304,54,0.23228991506523516,1082,300,62,0.27726432532347506,0.20666666666666667,0.16227849673901487,0.2569532425409742,gemini35flash
2026091201,raw_u,bonferroni,0.25,0.91,True,163,18,0.21244651102848883,1082,163,25,0.15064695009242143,0.15337423312883436,0.10178200659844504,0.21803070104052014,gemini35flash
2026091201,u_boost,fixed_sequence,0.1,,False,0,0,,1082,0,0,0.0,,,,gemini35flash
2026091201,u_boost,bonferroni,0.1,,False,0,0,,1082,0,0,0.0,,,,gemini35flash
2026091201,u_boost,fixed_sequence,0.14285714285714285,,False,0,0,,1082,0,0,0.0,,,,gemini35flash
2026091201,u_boost,bonferroni,0.14285714285714285,,False,0,0,,1082,0,0,0.0,,,,gemini35flash
2026091201,u_boost,fixed_sequence,0.2,,False,0,0,,1082,0,0,0.0,,,,gemini35flash
2026091201,u_boost,bonferroni,0.2,,False,0,0,,1082,0,0,0.0,,,,gemini35flash
2026091201,u_boost,fixed_sequence,0.25,0.65,True,336,62,0.23687122682273629,1082,347,84,0.32070240295748614,0.2420749279538905,0.19793565794263154,0.2906771947927406,gemini35flash
2026091201,u_boost,bonferroni,0.25,0.75,True,194,26,0.23118201124734192,1082,206,44,0.19038817005545286,0.21359223300970873,0.1596938890508597,0.27592920109322394,gemini35flash
2026091201,rich_logistic,fixed_sequence,0.1,,False,0,0,,1082,0,0,0.0,,,,gemini35flash
2026091201,rich_logistic,bonferroni,0.1,,False,0,0,,1082,0,0,0.0,,,,gemini35flash
2026091201,rich_logistic,fixed_sequence,0.14285714285714285,,False,0,0,,1082,0,0,0.0,,,,gemini35flash
2026091201,rich_logistic,bonferroni,0.14285714285714285,,False,0,0,,1082,0,0,0.0,,,,gemini35flash
2026091201,rich_logistic,fixed_sequence,0.2,,False,0,0,,1082,0,0,0.0,,,,gemini35flash
2026091201,rich_logistic,bonferroni,0.2,,False,0,0,,1082,0,0,0.0,,,,gemini35flash
2026091201,rich_logistic,fixed_sequence,0.25,0.74,True,227,30,0.1908344539266947,1082,224,40,0.20702402957486138,0.17857142857142858,0.1307447945410907,0.2351240847877189,gemini35flash
2026091201,rich_logistic,bonferroni,0.25,0.73,True,272,40,0.22926223801503168,1082,271,52,0.25046210720887246,0.1918819188191882,0.14675378705185538,0.24388972451644306,gemini35flash
2026091201,rich_boost,fixed_sequence,0.1,,False,0,0,,1082,0,0,0.0,,,,gemini35flash
2026091201,rich_boost,bonferroni,0.1,,False,0,0,,1082,0,0,0.0,,,,gemini35flash
2026091201,rich_boost,fixed_sequence,0.14285714285714285,,False,0,0,,1082,0,0,0.0,,,,gemini35flash
2026091201,rich_boost,bonferroni,0.14285714285714285,,False,0,0,,1082,0,0,0.0,,,,gemini35flash
2026091201,rich_boost,fixed_sequence,0.2,,False,0,0,,1082,0,0,0.0,,,,gemini35flash
2026091201,rich_boost,bonferroni,0.2,,False,0,0,,1082,0,0,0.0,,,,gemini35flash
2026091201,rich_boost,fixed_sequence,0.25,0.74,True,284,46,0.21712613206337134,1082,283,53,0.26155268022181144,0.1872791519434629,0.14354606659852837,0.2376962625580196,gemini35flash
2026091201,rich_boost,bonferroni,0.25,0.72,True,303,51,0.2487959291283286,1082,301,60,0.27818853974122,0.19933554817275748,0.15569938529291805,0.24900067109043642,gemini35flash
2026091201,raw_u,fixed_sequence,0.1,,False,0,0,,1082,0,0,0.0,,,,sonnet46
2026091201,raw_u,bonferroni,0.1,,False,0,0,,1082,0,0,0.0,,,,sonnet46
2026091201,raw_u,fixed_sequence,0.14285714285714285,,False,0,0,,1082,0,0,0.0,,,,sonnet46
2026091201,raw_u,bonferroni,0.14285714285714285,,False,0,0,,1082,0,0,0.0,,,,sonnet46
2026091201,raw_u,fixed_sequence,0.2,,False,0,0,,1082,0,0,0.0,,,,sonnet46
2026091201,raw_u,bonferroni,0.2,,False,0,0,,1082,0,0,0.0,,,,sonnet46
2026091201,raw_u,fixed_sequence,0.25,,False,0,0,,1082,0,0,0.0,,,,sonnet46
2026091201,raw_u,bonferroni,0.25,,False,0,0,,1082,0,0,0.0,,,,sonnet46
2026091201,u_boost,fixed_sequence,0.1,,False,0,0,,1082,0,0,0.0,,,,sonnet46
2026091201,u_boost,bonferroni,0.1,,False,0,0,,1082,0,0,0.0,,,,sonnet46
2026091201,u_boost,fixed_sequence,0.14285714285714285,,False,0,0,,1082,0,0,0.0,,,,sonnet46
2026091201,u_boost,bonferroni,0.14285714285714285,,False,0,0,,1082,0,0,0.0,,,,sonnet46
2026091201,u_boost,fixed_sequence,0.2,,False,0,0,,1082,0,0,0.0,,,,sonnet46
2026091201,u_boost,bonferroni,0.2,,False,0,0,,1082,0,0,0.0,,,,sonnet46
2026091201,u_boost,fixed_sequence,0.25,,False,0,0,,1082,0,0,0.0,,,,sonnet46
2026091201,u_boost,bonferroni,0.25,,False,0,0,,1082,0,0,0.0,,,,sonnet46
2026091201,rich_logistic,fixed_sequence,0.1,,False,0,0,,1082,0,0,0.0,,,,sonnet46
2026091201,rich_logistic,bonferroni,0.1,,False,0,0,,1082,0,0,0.0,,,,sonnet46
2026091201,rich_logistic,fixed_sequence,0.14285714285714285,,False,0,0,,1082,0,0,0.0,,,,sonnet46
2026091201,rich_logistic,bonferroni,0.14285714285714285,,False,0,0,,1082,0,0,0.0,,,,sonnet46
2026091201,rich_logistic,fixed_sequence,0.2,,False,0,0,,1082,0,0,0.0,,,,sonnet46
2026091201,rich_logistic,bonferroni,0.2,,False,0,0,,1082,0,0,0.0,,,,sonnet46
2026091201,rich_logistic,fixed_sequence,0.25,,False,0,0,,1082,0,0,0.0,,,,sonnet46
2026091201,rich_logistic,bonferroni,0.25,,False,0,0,,1082,0,0,0.0,,,,sonnet46
2026091201,rich_boost,fixed_sequence,0.1,,False,0,0,,1082,0,0,0.0,,,,sonnet46
2026091201,rich_boost,bonferroni,0.1,,False,0,0,,1082,0,0,0.0,,,,sonnet46
2026091201,rich_boost,fixed_sequence,0.14285714285714285,,False,0,0,,1082,0,0,0.0,,,,sonnet46
2026091201,rich_boost,bonferroni,0.14285714285714285,,False,0,0,,1082,0,0,0.0,,,,sonnet46
2026091201,rich_boost,fixed_sequence,0.2,,False,0,0,,1082,0,0,0.0,,,,sonnet46
2026091201,rich_boost,bonferroni,0.2,,False,0,0,,1082,0,0,0.0,,,,sonnet46
2026091201,rich_boost,fixed_sequence,0.25,,False,0,0,,1082,0,0,0.0,,,,sonnet46
2026091201,rich_boost,bonferroni,0.25,,False,0,0,,1082,0,0,0.0,,,,sonnet46
2026091201,raw_u,fixed_sequence,0.1,,False,0,0,,1082,0,0,0.0,,,,deepseekv32maas
2026091201,raw_u,bonferroni,0.1,,False,0,0,,1082,0,0,0.0,,,,deepseekv32maas
2026091201,raw_u,fixed_sequence,0.14285714285714285,,False,0,0,,1082,0,0,0.0,,,,deepseekv32maas
2026091201,raw_u,bonferroni,0.14285714285714285,,False,0,0,,1082,0,0,0.0,,,,deepseekv32maas
2026091201,raw_u,fixed_sequence,0.2,,False,0,0,,1082,0,0,0.0,,,,deepseekv32maas
2026091201,raw_u,bonferroni,0.2,,False,0,0,,1082,0,0,0.0,,,,deepseekv32maas
2026091201,raw_u,fixed_sequence,0.25,,False,0,0,,1082,0,0,0.0,,,,deepseekv32maas
2026091201,raw_u,bonferroni,0.25,,False,0,0,,1082,0,0,0.0,,,,deepseekv32maas
2026091201,u_boost,fixed_sequence,0.1,,False,0,0,,1082,0,0,0.0,,,,deepseekv32maas
2026091201,u_boost,bonferroni,0.1,,False,0,0,,1082,0,0,0.0,,,,deepseekv32maas
2026091201,u_boost,fixed_sequence,0.14285714285714285,,False,0,0,,1082,0,0,0.0,,,,deepseekv32maas
2026091201,u_boost,bonferroni,0.14285714285714285,,False,0,0,,1082,0,0,0.0,,,,deepseekv32maas
2026091201,u_boost,fixed_sequence,0.2,,False,0,0,,1082,0,0,0.0,,,,deepseekv32maas
2026091201,u_boost,bonferroni,0.2,,False,0,0,,1082,0,0,0.0,,,,deepseekv32maas
2026091201,u_boost,fixed_sequence,0.25,,False,0,0,,1082,0,0,0.0,,,,deepseekv32maas
2026091201,u_boost,bonferroni,0.25,,False,0,0,,1082,0,0,0.0,,,,deepseekv32maas
2026091201,rich_logistic,fixed_sequence,0.1,,False,0,0,,1082,0,0,0.0,,,,deepseekv32maas
2026091201,rich_logistic,bonferroni,0.1,,False,0,0,,1082,0,0,0.0,,,,deepseekv32maas
2026091201,rich_logistic,fixed_sequence,0.14285714285714285,,False,0,0,,1082,0,0,0.0,,,,deepseekv32maas
2026091201,rich_logistic,bonferroni,0.14285714285714285,,False,0,0,,1082,0,0,0.0,,,,deepseekv32maas
2026091201,rich_logistic,fixed_sequence,0.2,,False,0,0,,1082,0,0,0.0,,,,deepseekv32maas
2026091201,rich_logistic,bonferroni,0.2,,False,0,0,,1082,0,0,0.0,,,,deepseekv32maas
2026091201,rich_logistic,fixed_sequence,0.25,,False,0,0,,1082,0,0,0.0,,,,deepseekv32maas
2026091201,rich_logistic,bonferroni,0.25,,False,0,0,,1082,0,0,0.0,,,,deepseekv32maas
2026091201,rich_boost,fixed_sequence,0.1,,False,0,0,,1082,0,0,0.0,,,,deepseekv32maas
2026091201,rich_boost,bonferroni,0.1,,False,0,0,,1082,0,0,0.0,,,,deepseekv32maas
2026091201,rich_boost,fixed_sequence,0.14285714285714285,,False,0,0,,1082,0,0,0.0,,,,deepseekv32maas
2026091201,rich_boost,bonferroni,0.14285714285714285,,False,0,0,,1082,0,0,0.0,,,,deepseekv32maas
2026091201,rich_boost,fixed_sequence,0.2,,False,0,0,,1082,0,0,0.0,,,,deepseekv32maas
2026091201,rich_boost,bonferroni,0.2,,False,0,0,,1082,0,0,0.0,,,,deepseekv32maas
2026091201,rich_boost,fixed_sequence,0.25,,False,0,0,,1082,0,0,0.0,,,,deepseekv32maas
2026091201,rich_boost,bonferroni,0.25,,False,0,0,,1082,0,0,0.0,,,,deepseekv32maas
