seed,method,n_test,n_eligible,aurc,auroc,brier,log_loss,error_at_10pct,error_at_20pct,error_at_40pct,model_key
2026091201,raw_u,1082,1056,0.27213075996705377,0.726438230994152,0.21481761363636362,0.63269678202968,0.1536315151229735,0.18145409735058532,0.24905985085091467,gemini35flash
2026091201,u_boost,1082,1056,0.2773476584831842,0.7203198099415205,0.20613241168926552,0.5996565863444816,0.15337423312883436,0.21586434139676927,0.25447765950666074,gemini35flash
2026091201,rich_logistic,1082,1056,0.26209354339279667,0.7395339912280703,0.20340582620725803,0.5937661132651358,0.15666985076108125,0.17264325323475047,0.2245297379580298,gemini35flash
2026091201,rich_boost,1082,1056,0.26622183244985226,0.7400292397660819,0.2018923634742003,0.5910665545166205,0.1562973867422272,0.16543438077634012,0.24491682070240295,gemini35flash
2026091201,raw_u,1082,1078,0.42768562589462755,0.819727653631285,0.16209730983302412,0.4920345920919439,0.16060792770589444,0.238909426987061,0.39946952624515736,sonnet46
2026091201,u_boost,1082,1078,0.4299845193700873,0.8181506052141527,0.15926652651686266,0.48381325691302113,0.1606079277058944,0.2414216098134767,0.39946952624515736,sonnet46
2026091201,rich_logistic,1082,1078,0.4271849150145781,0.8192291278708876,0.15792054150204807,0.48104007416089894,0.15711645101663585,0.23290203327171907,0.40388170055452866,sonnet46
2026091201,rich_boost,1082,1078,0.43213613438117054,0.815623060211049,0.15956863266009133,0.48692992943446767,0.15592040882896596,0.2553912507701787,0.38354898336414045,sonnet46
2026091201,raw_u,1082,1059,0.6994889035693224,0.7108026581388492,0.22737308781869686,0.6524269462429391,0.6192236598890942,0.6315002419617146,0.6975531194524258,deepseekv32maas
2026091201,u_boost,1082,1059,0.7046501361981069,0.7056060193690321,0.14394732711261432,0.44595914013646343,0.6362006457601168,0.6399887348972257,0.6955628557310445,deepseekv32maas
2026091201,rich_logistic,1082,1059,0.7184343103161183,0.702127418293983,0.1453340778713853,0.4572819976878274,0.6614326276273415,0.6585027726432532,0.698590573012939,deepseekv32maas
2026091201,rich_boost,1082,1059,0.7153907245755287,0.6953289787031367,0.1459816916836431,0.4531254821847444,0.6774104801616301,0.6596354726389546,0.6997458410351202,deepseekv32maas
