model_key,method,procedure,alpha,n_splits,n_supported,supported_fraction,mean_answer_rate_all_splits,median_answer_rate_all_splits,median_error_supported,median_answer_rate_supported,test_error_above_target_supported
deepseekv32maas,raw_u,bonferroni,0.1,100,0,0.0,0.0,0.0,,,0
deepseekv32maas,raw_u,bonferroni,0.14285714285714285,100,0,0.0,0.0,0.0,,,0
deepseekv32maas,raw_u,bonferroni,0.2,100,0,0.0,0.0,0.0,,,0
deepseekv32maas,raw_u,bonferroni,0.25,100,0,0.0,0.0,0.0,,,0
deepseekv32maas,raw_u,fixed_sequence,0.1,100,0,0.0,0.0,0.0,,,0
deepseekv32maas,raw_u,fixed_sequence,0.14285714285714285,100,0,0.0,0.0,0.0,,,0
deepseekv32maas,raw_u,fixed_sequence,0.2,100,0,0.0,0.0,0.0,,,0
deepseekv32maas,raw_u,fixed_sequence,0.25,100,0,0.0,0.0,0.0,,,0
deepseekv32maas,rich_boost,bonferroni,0.1,100,0,0.0,0.0,0.0,,,0
deepseekv32maas,rich_boost,bonferroni,0.14285714285714285,100,0,0.0,0.0,0.0,,,0
deepseekv32maas,rich_boost,bonferroni,0.2,100,0,0.0,0.0,0.0,,,0
deepseekv32maas,rich_boost,bonferroni,0.25,100,0,0.0,0.0,0.0,,,0
deepseekv32maas,rich_boost,fixed_sequence,0.1,100,0,0.0,0.0,0.0,,,0
deepseekv32maas,rich_boost,fixed_sequence,0.14285714285714285,100,0,0.0,0.0,0.0,,,0
deepseekv32maas,rich_boost,fixed_sequence,0.2,100,0,0.0,0.0,0.0,,,0
deepseekv32maas,rich_boost,fixed_sequence,0.25,100,0,0.0,0.0,0.0,,,0
deepseekv32maas,rich_logistic,bonferroni,0.1,100,0,0.0,0.0,0.0,,,0
deepseekv32maas,rich_logistic,bonferroni,0.14285714285714285,100,0,0.0,0.0,0.0,,,0
deepseekv32maas,rich_logistic,bonferroni,0.2,100,0,0.0,0.0,0.0,,,0
deepseekv32maas,rich_logistic,bonferroni,0.25,100,0,0.0,0.0,0.0,,,0
deepseekv32maas,rich_logistic,fixed_sequence,0.1,100,0,0.0,0.0,0.0,,,0
deepseekv32maas,rich_logistic,fixed_sequence,0.14285714285714285,100,0,0.0,0.0,0.0,,,0
deepseekv32maas,rich_logistic,fixed_sequence,0.2,100,0,0.0,0.0,0.0,,,0
deepseekv32maas,rich_logistic,fixed_sequence,0.25,100,0,0.0,0.0,0.0,,,0
deepseekv32maas,u_boost,bonferroni,0.1,100,0,0.0,0.0,0.0,,,0
deepseekv32maas,u_boost,bonferroni,0.14285714285714285,100,0,0.0,0.0,0.0,,,0
deepseekv32maas,u_boost,bonferroni,0.2,100,0,0.0,0.0,0.0,,,0
deepseekv32maas,u_boost,bonferroni,0.25,100,0,0.0,0.0,0.0,,,0
deepseekv32maas,u_boost,fixed_sequence,0.1,100,0,0.0,0.0,0.0,,,0
deepseekv32maas,u_boost,fixed_sequence,0.14285714285714285,100,0,0.0,0.0,0.0,,,0
deepseekv32maas,u_boost,fixed_sequence,0.2,100,0,0.0,0.0,0.0,,,0
deepseekv32maas,u_boost,fixed_sequence,0.25,100,0,0.0,0.0,0.0,,,0
gemini35flash,raw_u,bonferroni,0.1,100,0,0.0,0.0,0.0,,,0
gemini35flash,raw_u,bonferroni,0.14285714285714285,100,0,0.0,0.0,0.0,,,0
gemini35flash,raw_u,bonferroni,0.2,100,2,0.02,0.00300369685767098,0.0,0.21347248576850095,0.150184842883549,1
gemini35flash,raw_u,bonferroni,0.25,100,17,0.17,0.03306839186691313,0.0,0.18556701030927836,0.16820702402957485,1
gemini35flash,raw_u,fixed_sequence,0.1,100,0,0.0,0.0,0.0,,,0
gemini35flash,raw_u,fixed_sequence,0.14285714285714285,100,0,0.0,0.0,0.0,,,0
gemini35flash,raw_u,fixed_sequence,0.2,100,6,0.06,0.009223659889094269,0.0,0.18888888888888888,0.15480591497227356,1
gemini35flash,raw_u,fixed_sequence,0.25,100,63,0.63,0.121996303142329,0.15157116451016636,0.18032786885245902,0.1709796672828096,0
gemini35flash,rich_boost,bonferroni,0.1,100,0,0.0,0.0,0.0,,,0
gemini35flash,rich_boost,bonferroni,0.14285714285714285,100,0,0.0,0.0,0.0,,,0
gemini35flash,rich_boost,bonferroni,0.2,100,1,0.01,0.0019408502772643253,0.0,0.17142857142857143,0.19408502772643252,0
gemini35flash,rich_boost,bonferroni,0.25,100,23,0.23,0.05235674676524955,0.0,0.1971153846153846,0.20425138632162662,0
gemini35flash,rich_boost,fixed_sequence,0.1,100,0,0.0,0.0,0.0,,,0
gemini35flash,rich_boost,fixed_sequence,0.14285714285714285,100,0,0.0,0.0,0.0,,,0
gemini35flash,rich_boost,fixed_sequence,0.2,100,5,0.05,0.0088724584103512,0.0,0.1834862385321101,0.16913123844731978,2
gemini35flash,rich_boost,fixed_sequence,0.25,100,54,0.54,0.12130314232902034,0.16959334565619222,0.1923979776092452,0.19963031423290203,0
gemini35flash,rich_logistic,bonferroni,0.1,100,0,0.0,0.0,0.0,,,0
gemini35flash,rich_logistic,bonferroni,0.14285714285714285,100,0,0.0,0.0,0.0,,,0
gemini35flash,rich_logistic,bonferroni,0.2,100,1,0.01,0.0017375231053604436,0.0,0.18085106382978725,0.17375231053604437,0
gemini35flash,rich_logistic,bonferroni,0.25,100,24,0.24,0.05101663585951941,0.0,0.1939305916526525,0.2000924214417745,0
gemini35flash,rich_logistic,fixed_sequence,0.1,100,0,0.0,0.0,0.0,,,0
gemini35flash,rich_logistic,fixed_sequence,0.14285714285714285,100,0,0.0,0.0,0.0,,,0
gemini35flash,rich_logistic,fixed_sequence,0.2,100,1,0.01,0.0018853974121996304,0.0,0.22549019607843138,0.18853974121996303,1
gemini35flash,rich_logistic,fixed_sequence,0.25,100,63,0.63,0.14384473197781886,0.19038817005545286,0.1902654867256637,0.21256931608133087,0
gemini35flash,u_boost,bonferroni,0.1,100,0,0.0,0.0,0.0,,,0
gemini35flash,u_boost,bonferroni,0.14285714285714285,100,0,0.0,0.0,0.0,,,0
gemini35flash,u_boost,bonferroni,0.2,100,2,0.02,0.00300369685767098,0.0,0.21347248576850095,0.150184842883549,1
gemini35flash,u_boost,bonferroni,0.25,100,17,0.17,0.032412199630314234,0.0,0.1836734693877551,0.16173752310536044,0
gemini35flash,u_boost,fixed_sequence,0.1,100,0,0.0,0.0,0.0,,,0
gemini35flash,u_boost,fixed_sequence,0.14285714285714285,100,0,0.0,0.0,0.0,,,0
gemini35flash,u_boost,fixed_sequence,0.2,100,8,0.08,0.012097966728280962,0.0,0.17956068503350708,0.150184842883549,1
gemini35flash,u_boost,fixed_sequence,0.25,100,58,0.58,0.114362292051756,0.1423290203327172,0.19020072019205123,0.16266173752310537,2
sonnet46,raw_u,bonferroni,0.1,100,0,0.0,0.0,0.0,,,0
sonnet46,raw_u,bonferroni,0.14285714285714285,100,0,0.0,0.0,0.0,,,0
sonnet46,raw_u,bonferroni,0.2,100,0,0.0,0.0,0.0,,,0
sonnet46,raw_u,bonferroni,0.25,100,2,0.02,0.0008502772643253234,0.0,0.16304347826086957,0.04251386321626617,0
sonnet46,raw_u,fixed_sequence,0.1,100,0,0.0,0.0,0.0,,,0
sonnet46,raw_u,fixed_sequence,0.14285714285714285,100,0,0.0,0.0,0.0,,,0
sonnet46,raw_u,fixed_sequence,0.2,100,1,0.01,0.0004251386321626617,0.0,0.2391304347826087,0.04251386321626617,1
sonnet46,raw_u,fixed_sequence,0.25,100,3,0.03,0.0011367837338262477,0.0,0.22,0.036968576709796676,1
sonnet46,rich_boost,bonferroni,0.1,100,0,0.0,0.0,0.0,,,0
sonnet46,rich_boost,bonferroni,0.14285714285714285,100,0,0.0,0.0,0.0,,,0
sonnet46,rich_boost,bonferroni,0.2,100,0,0.0,0.0,0.0,,,0
sonnet46,rich_boost,bonferroni,0.25,100,0,0.0,0.0,0.0,,,0
sonnet46,rich_boost,fixed_sequence,0.1,100,0,0.0,0.0,0.0,,,0
sonnet46,rich_boost,fixed_sequence,0.14285714285714285,100,0,0.0,0.0,0.0,,,0
sonnet46,rich_boost,fixed_sequence,0.2,100,0,0.0,0.0,0.0,,,0
sonnet46,rich_boost,fixed_sequence,0.25,100,0,0.0,0.0,0.0,,,0
sonnet46,rich_logistic,bonferroni,0.1,100,0,0.0,0.0,0.0,,,0
sonnet46,rich_logistic,bonferroni,0.14285714285714285,100,0,0.0,0.0,0.0,,,0
sonnet46,rich_logistic,bonferroni,0.2,100,0,0.0,0.0,0.0,,,0
sonnet46,rich_logistic,bonferroni,0.25,100,0,0.0,0.0,0.0,,,0
sonnet46,rich_logistic,fixed_sequence,0.1,100,0,0.0,0.0,0.0,,,0
sonnet46,rich_logistic,fixed_sequence,0.14285714285714285,100,0,0.0,0.0,0.0,,,0
sonnet46,rich_logistic,fixed_sequence,0.2,100,0,0.0,0.0,0.0,,,0
sonnet46,rich_logistic,fixed_sequence,0.25,100,3,0.03,0.0010628465804066543,0.0,0.15384615384615385,0.04251386321626617,1
sonnet46,u_boost,bonferroni,0.1,100,0,0.0,0.0,0.0,,,0
sonnet46,u_boost,bonferroni,0.14285714285714285,100,0,0.0,0.0,0.0,,,0
sonnet46,u_boost,bonferroni,0.2,100,0,0.0,0.0,0.0,,,0
sonnet46,u_boost,bonferroni,0.25,100,3,0.03,0.0013770794824399264,0.0,0.17543859649122806,0.05083179297597042,1
sonnet46,u_boost,fixed_sequence,0.1,100,0,0.0,0.0,0.0,,,0
sonnet46,u_boost,fixed_sequence,0.14285714285714285,100,0,0.0,0.0,0.0,,,0
sonnet46,u_boost,fixed_sequence,0.2,100,1,0.01,0.0005083179297597042,0.0,0.2545454545454545,0.05083179297597042,1
sonnet46,u_boost,fixed_sequence,0.25,100,6,0.06,0.0038539741219963033,0.0,0.2015625,0.05268022181146026,1
