model,alpha,allocation,partitions,qualifying,common_test_size,answered_pct_mean,test_error_pct_median,test_error_pct_q25,test_error_pct_q75
Gemini,0.2,50-50,100,0,1298,0.0,,,
Gemini,0.2,70-30,100,0,1298,0.0,,,
Gemini,0.25,50-50,100,56,1298,10.602465331278887,18.69008068343616,17.42151692868759,20.36408580526227
Gemini,0.25,70-30,100,93,1298,18.298921417565477,18.51851851851851,16.26794258373205,20.87542087542087
Gemini,0.3,50-50,100,100,1298,31.002311248073962,21.864652317880797,19.89134363422788,23.992992432249604
Gemini,0.3,70-30,100,100,1298,33.71032357473035,23.663404784094435,22.104758123221487,24.90438768827766
Gemini,0.35,50-50,100,100,1298,59.54853620955316,29.987562189054728,28.544949840331668,31.00761794229131
Gemini,0.35,70-30,100,100,1298,62.56702619414484,30.319815294487885,29.280134600951442,31.353041765022947
Gemini,0.4,50-50,100,100,1298,70.12557781201848,33.77197254176271,32.88925059644585,34.85346889952153
Gemini,0.4,70-30,100,100,1298,71.87750385208012,33.94239448227145,33.00841468889207,35.74147653766131
Sonnet,0.2,50-50,100,0,1298,0.0,,,
Sonnet,0.2,70-30,100,0,1298,0.0,,,
Sonnet,0.25,50-50,100,1,1298,0.0385208012326656,20.0,20.0,20.0
Sonnet,0.25,70-30,100,3,1298,0.11325115562403681,23.52941176470588,21.067031463748283,24.028856825749166
Sonnet,0.3,50-50,100,47,1298,4.0670261941448365,21.70542635658914,20.51576369758188,24.056782633424966
Sonnet,0.3,70-30,100,80,1298,7.200308166409859,22.22222222222222,20.0,23.76488095238095
Sonnet,0.35,50-50,100,94,1298,12.724961479198763,25.549976087996175,22.24358974358974,28.648388458089357
Sonnet,0.35,70-30,100,100,1298,16.258859784283512,28.21646962902568,24.56845076538921,30.618310527028854
Sonnet,0.4,50-50,100,100,1298,22.536209553158706,31.84023499383911,29.111608809257184,33.577899933832136
Sonnet,0.4,70-30,100,100,1298,24.153312788906007,32.46005202526941,30.743589743589745,34.46238640343601
DeepSeek,0.2,50-50,100,0,1298,0.0,,,
DeepSeek,0.2,70-30,100,0,1298,0.0,,,
DeepSeek,0.25,50-50,100,0,1298,0.0,,,
DeepSeek,0.25,70-30,100,0,1298,0.0,,,
DeepSeek,0.3,50-50,100,0,1298,0.0,,,
DeepSeek,0.3,70-30,100,0,1298,0.0,,,
DeepSeek,0.35,50-50,100,0,1298,0.0,,,
DeepSeek,0.35,70-30,100,0,1298,0.0,,,
DeepSeek,0.4,50-50,100,0,1298,0.0,,,
DeepSeek,0.4,70-30,100,0,1298,0.0,,,
