model_key,representation,method,minimum_supported_alpha,threshold_at_minimum,n_cert_answered,k_cert_incorrect,grid_size
deepseekv32maas,processed,fixed_full,0.5772994531240889,0.91,23,5,102
deepseekv32maas,processed,fixed_half,0.5972917975861489,0.91,17,3,102
deepseekv32maas,processed,isotonic_grid,0.5786972702254041,0.9,32,11,8
deepseekv32maas,raw,fixed_full,0.7235878593893186,0.8571428571428571,34,15,102
deepseekv32maas,raw,fixed_half,0.744912163838605,0.76,271,177,102
deepseekv32maas,raw,isotonic_grid,0.6857102246163822,0.9,26,11,10
gemini35flash,processed,fixed_full,0.2351672605274995,0.91,357,58,102
gemini35flash,processed,fixed_half,0.26204525454427324,0.91,189,30,102
gemini35flash,processed,isotonic_grid,0.2615269357008767,0.8999999999999999,239,45,10
gemini35flash,raw,fixed_full,0.2522398579814878,0.91,327,57,102
gemini35flash,raw,fixed_half,0.28306628299925524,0.91,174,30,102
gemini35flash,raw,isotonic_grid,0.2577614509417704,0.95,174,30,10
sonnet46,processed,fixed_full,0.22611206440573275,0.89,56,3,102
sonnet46,processed,fixed_half,0.3611184493416787,0.89,28,2,102
sonnet46,processed,isotonic_grid,0.30613821374508077,0.8999999999999999,28,2,16
sonnet46,raw,fixed_full,0.2695214682111513,0.89,46,3,102
sonnet46,raw,fixed_half,0.3753920848873418,0.83,91,19,102
sonnet46,raw,isotonic_grid,0.351139151814827,0.9,24,2,17
