model_key,representation,method,alpha,n_splits,n_supported,mean_answer_rate,median_threshold_when_supported,median_error_when_answering,n_test_error_exceeds_alpha,median_grid_size
deepseekv32maas,processed,fixed_full,0.1,100,0,0.0,,,0,102.0
deepseekv32maas,processed,fixed_full,0.14285714285714285,100,0,0.0,,,0,102.0
deepseekv32maas,processed,fixed_full,0.2,100,0,0.0,,,0,102.0
deepseekv32maas,processed,fixed_full,0.25,100,0,0.0,,,0,102.0
deepseekv32maas,processed,fixed_full,0.3,100,0,0.0,,,0,102.0
deepseekv32maas,processed,fixed_full,0.35,100,0,0.0,,,0,102.0
deepseekv32maas,processed,fixed_full,0.4,100,0,0.0,,,0,102.0
deepseekv32maas,processed,fixed_half,0.1,100,0,0.0,,,0,102.0
deepseekv32maas,processed,fixed_half,0.14285714285714285,100,0,0.0,,,0,102.0
deepseekv32maas,processed,fixed_half,0.2,100,0,0.0,,,0,102.0
deepseekv32maas,processed,fixed_half,0.25,100,0,0.0,,,0,102.0
deepseekv32maas,processed,fixed_half,0.3,100,0,0.0,,,0,102.0
deepseekv32maas,processed,fixed_half,0.35,100,0,0.0,,,0,102.0
deepseekv32maas,processed,fixed_half,0.4,100,0,0.0,,,0,102.0
deepseekv32maas,processed,isotonic_grid,0.1,100,0,0.0,,,0,11.0
deepseekv32maas,processed,isotonic_grid,0.14285714285714285,100,0,0.0,,,0,11.0
deepseekv32maas,processed,isotonic_grid,0.2,100,0,0.0,,,0,11.0
deepseekv32maas,processed,isotonic_grid,0.25,100,0,0.0,,,0,11.0
deepseekv32maas,processed,isotonic_grid,0.3,100,0,0.0,,,0,11.0
deepseekv32maas,processed,isotonic_grid,0.35,100,0,0.0,,,0,11.0
deepseekv32maas,processed,isotonic_grid,0.4,100,0,0.0,,,0,11.0
deepseekv32maas,raw,fixed_full,0.1,100,0,0.0,,,0,102.0
deepseekv32maas,raw,fixed_full,0.14285714285714285,100,0,0.0,,,0,102.0
deepseekv32maas,raw,fixed_full,0.2,100,0,0.0,,,0,102.0
deepseekv32maas,raw,fixed_full,0.25,100,0,0.0,,,0,102.0
deepseekv32maas,raw,fixed_full,0.3,100,0,0.0,,,0,102.0
deepseekv32maas,raw,fixed_full,0.35,100,0,0.0,,,0,102.0
deepseekv32maas,raw,fixed_full,0.4,100,0,0.0,,,0,102.0
deepseekv32maas,raw,fixed_half,0.1,100,0,0.0,,,0,102.0
deepseekv32maas,raw,fixed_half,0.14285714285714285,100,0,0.0,,,0,102.0
deepseekv32maas,raw,fixed_half,0.2,100,0,0.0,,,0,102.0
deepseekv32maas,raw,fixed_half,0.25,100,0,0.0,,,0,102.0
deepseekv32maas,raw,fixed_half,0.3,100,0,0.0,,,0,102.0
deepseekv32maas,raw,fixed_half,0.35,100,0,0.0,,,0,102.0
deepseekv32maas,raw,fixed_half,0.4,100,0,0.0,,,0,102.0
deepseekv32maas,raw,isotonic_grid,0.1,100,0,0.0,,,0,10.0
deepseekv32maas,raw,isotonic_grid,0.14285714285714285,100,0,0.0,,,0,10.0
deepseekv32maas,raw,isotonic_grid,0.2,100,0,0.0,,,0,10.0
deepseekv32maas,raw,isotonic_grid,0.25,100,0,0.0,,,0,10.0
deepseekv32maas,raw,isotonic_grid,0.3,100,0,0.0,,,0,10.0
deepseekv32maas,raw,isotonic_grid,0.35,100,0,0.0,,,0,10.0
deepseekv32maas,raw,isotonic_grid,0.4,100,0,0.0,,,0,10.0
gemini35flash,processed,fixed_full,0.1,100,0,0.0,,,0,102.0
gemini35flash,processed,fixed_full,0.14285714285714285,100,0,0.0,,,0,102.0
gemini35flash,processed,fixed_full,0.2,100,10,0.020554785020804437,0.8571428571428571,0.17700744222483353,0,102.0
gemini35flash,processed,fixed_full,0.25,100,99,0.2759731853906612,0.81,0.1884272997032641,0,102.0
gemini35flash,processed,fixed_full,0.3,100,100,0.3203975959315766,0.81,0.188384053439076,0,102.0
gemini35flash,processed,fixed_full,0.35,100,100,0.6552427184466019,0.41,0.29124194774497264,0,102.0
gemini35flash,processed,fixed_full,0.4,100,100,0.6559824318076746,0.41,0.29124194774497264,0,102.0
gemini35flash,processed,fixed_half,0.1,100,0,0.0,,,0,102.0
gemini35flash,processed,fixed_half,0.14285714285714285,100,0,0.0,,,0,102.0
gemini35flash,processed,fixed_half,0.2,100,4,0.007526583448913546,0.8835714285714286,0.16577659888004714,0,102.0
gemini35flash,processed,fixed_half,0.25,100,51,0.12494683310217289,0.8571428571428571,0.1673913043478261,0,102.0
gemini35flash,processed,fixed_half,0.3,100,98,0.30122515025427654,0.81,0.188384053439076,0,102.0
gemini35flash,processed,fixed_half,0.35,100,100,0.557674526121128,0.46,0.2819787912679673,0,102.0
gemini35flash,processed,fixed_half,0.4,100,100,0.6559824318076746,0.41,0.29124194774497264,0,102.0
gemini35flash,processed,isotonic_grid,0.1,100,0,0.0,,,0,10.0
gemini35flash,processed,isotonic_grid,0.14285714285714285,100,0,0.0,,,0,10.0
gemini35flash,processed,isotonic_grid,0.2,100,11,0.02280628756356912,0.8500000000000001,0.1652892561983471,0,10.0
gemini35flash,processed,isotonic_grid,0.25,100,81,0.21676375404530746,0.85,0.18141592920353983,0,10.0
gemini35flash,processed,isotonic_grid,0.3,100,100,0.33656957928802583,0.85,0.18889734504441563,2,10.0
gemini35flash,processed,isotonic_grid,0.35,100,100,0.6064771151178918,0.5,0.28434203799938085,0,10.0
gemini35flash,processed,isotonic_grid,0.4,100,100,0.646976421636616,0.49999999999999994,0.2856025888406496,0,10.0
gemini35flash,raw,fixed_full,0.1,100,0,0.0,,,0,102.0
gemini35flash,raw,fixed_full,0.14285714285714285,100,0,0.0,,,0,102.0
gemini35flash,raw,fixed_full,0.2,100,1,0.0014609338881183542,0.91,0.20253164556962025,1,102.0
gemini35flash,raw,fixed_full,0.25,100,63,0.11475265834489136,0.8571428571428571,0.1871508379888268,0,102.0
gemini35flash,raw,fixed_full,0.3,100,100,0.2828386500231161,0.81,0.2078961038961039,0,102.0
gemini35flash,raw,fixed_full,0.35,100,100,0.6018122977346279,0.41,0.30226505274666904,0,102.0
gemini35flash,raw,fixed_full,0.4,100,100,0.6279472954230235,0.41,0.30226505274666904,0,102.0
gemini35flash,raw,fixed_half,0.1,100,0,0.0,,,0,102.0
gemini35flash,raw,fixed_half,0.14285714285714285,100,0,0.0,,,0,102.0
gemini35flash,raw,fixed_half,0.2,100,0,0.0,,,0,102.0
gemini35flash,raw,fixed_half,0.25,100,15,0.02530282015718909,0.91,0.18691588785046728,0,102.0
gemini35flash,raw,fixed_half,0.3,100,82,0.20073046694405916,0.81,0.20903969523730112,0,102.0
gemini35flash,raw,fixed_half,0.35,100,99,0.39783171521035593,0.81,0.21236133122028525,0,102.0
gemini35flash,raw,fixed_half,0.4,100,100,0.6277577438742487,0.41,0.30226505274666904,0,102.0
gemini35flash,raw,isotonic_grid,0.1,100,0,0.0,,,0,9.0
gemini35flash,raw,isotonic_grid,0.14285714285714285,100,0,0.0,,,0,9.0
gemini35flash,raw,isotonic_grid,0.2,100,3,0.0045446139620896895,0.95,0.1786743515850144,1,9.0
gemini35flash,raw,isotonic_grid,0.25,100,43,0.08228386500231161,0.95,0.18598382749326145,0,9.0
gemini35flash,raw,isotonic_grid,0.3,100,95,0.25918169209431347,0.85,0.20853080568720378,1,9.0
gemini35flash,raw,isotonic_grid,0.35,100,100,0.4949329634766528,0.5,0.2916192103264996,0,9.0
gemini35flash,raw,isotonic_grid,0.4,100,100,0.6190429958391124,0.45,0.29863149749974016,0,9.0
sonnet46,processed,fixed_full,0.1,100,0,0.0,,,0,102.0
sonnet46,processed,fixed_full,0.14285714285714285,100,0,0.0,,,0,102.0
sonnet46,processed,fixed_full,0.2,100,1,0.0003837263060564031,0.8571428571428571,0.24096385542168675,1,102.0
sonnet46,processed,fixed_full,0.25,100,11,0.0051502542764678685,0.8571428571428571,0.19047619047619047,0,102.0
sonnet46,processed,fixed_full,0.3,100,76,0.0663291724456773,0.76,0.2141297567061759,0,102.0
sonnet46,processed,fixed_full,0.35,100,100,0.13610725843735552,0.76,0.2108412715028438,0,102.0
sonnet46,processed,fixed_full,0.4,100,100,0.23200647249190937,0.56,0.3200543832275461,0,102.0
sonnet46,processed,fixed_half,0.1,100,0,0.0,,,0,102.0
sonnet46,processed,fixed_half,0.14285714285714285,100,0,0.0,,,0,102.0
sonnet46,processed,fixed_half,0.2,100,0,0.0,,,0,102.0
sonnet46,processed,fixed_half,0.25,100,2,0.0021312991215903837,0.785,0.23192703038518014,0,102.0
sonnet46,processed,fixed_half,0.3,100,25,0.02221914008321775,0.76,0.22,1,102.0
sonnet46,processed,fixed_half,0.35,100,75,0.08366620434581601,0.76,0.21374045801526717,1,102.0
sonnet46,processed,fixed_half,0.4,100,98,0.17368007397133606,0.66,0.2887058455767427,0,102.0
sonnet46,processed,isotonic_grid,0.1,100,0,0.0,,,0,15.0
sonnet46,processed,isotonic_grid,0.14285714285714285,100,0,0.0,,,0,15.0
sonnet46,processed,isotonic_grid,0.2,100,1,0.0003837263060564031,0.88,0.24096385542168675,1,15.0
sonnet46,processed,isotonic_grid,0.25,100,7,0.0070180305131761446,0.8,0.22529644268774704,1,15.0
sonnet46,processed,isotonic_grid,0.3,100,40,0.03992602866389274,0.8,0.2197812813973259,2,15.0
sonnet46,processed,isotonic_grid,0.35,100,90,0.10562182154415165,0.8,0.21254816045931857,1,15.0
sonnet46,processed,isotonic_grid,0.4,100,99,0.18857605177993528,0.6000000000000001,0.3022670025188917,1,15.0
sonnet46,raw,fixed_full,0.1,100,0,0.0,,,0,102.0
sonnet46,raw,fixed_full,0.14285714285714285,100,0,0.0,,,0,102.0
sonnet46,raw,fixed_full,0.2,100,0,0.0,,,0,102.0
sonnet46,raw,fixed_full,0.25,100,1,0.0003374942209893666,0.8571428571428571,0.273972602739726,1,102.0
sonnet46,raw,fixed_full,0.3,100,44,0.038294036061026354,0.76,0.23808097500516423,0,102.0
sonnet46,raw,fixed_full,0.35,100,97,0.11447526583448914,0.76,0.22317596566523606,1,102.0
sonnet46,raw,fixed_full,0.4,100,100,0.21497919556171982,0.61,0.30795044141252004,0,102.0
sonnet46,raw,fixed_half,0.1,100,0,0.0,,,0,102.0
sonnet46,raw,fixed_half,0.14285714285714285,100,0,0.0,,,0,102.0
sonnet46,raw,fixed_half,0.2,100,0,0.0,,,0,102.0
sonnet46,raw,fixed_half,0.25,100,1,0.0009292649098474341,0.81,0.25870646766169153,1,102.0
sonnet46,raw,fixed_half,0.3,100,9,0.008728617660656496,0.76,0.24152542372881355,0,102.0
sonnet46,raw,fixed_half,0.35,100,49,0.050300508552935747,0.76,0.23045267489711935,1,102.0
sonnet46,raw,fixed_half,0.4,100,93,0.1512436430883033,0.71,0.2932551319648094,0,102.0
sonnet46,raw,isotonic_grid,0.1,100,0,0.0,,,0,15.0
sonnet46,raw,isotonic_grid,0.14285714285714285,100,0,0.0,,,0,15.0
sonnet46,raw,isotonic_grid,0.2,100,0,0.0,,,0,15.0
sonnet46,raw,isotonic_grid,0.25,100,3,0.0029033749422098937,0.82,0.2336448598130841,1,15.0
sonnet46,raw,isotonic_grid,0.3,100,23,0.02152565880721221,0.82,0.23829787234042554,1,15.0
sonnet46,raw,isotonic_grid,0.35,100,69,0.07893203883495147,0.8,0.22790697674418606,2,15.0
sonnet46,raw,isotonic_grid,0.4,100,96,0.1695376791493296,0.7,0.3069477201257862,0,15.0
